<addon id="skin.arctic.fuse.2.mod" name="Arctic Fuse 2 Mod" provider-name="jurialmunkey" version="2.12.12">
    <requires>
        <import addon="xbmc.gui" version="5.17.0" />
        <import addon="script.skinvariables" version="2.1.28" />
        <import addon="script.texturemaker" version="0.2.9" />
        <import addon="plugin.video.themoviedb.helper" version="6.12.1" />
        <import addon="resource.images.weathericons.white" version="0.0.1" />
        <import addon="resource.images.studios.coloured" version="0.0.1" />
        <import addon="resource.font.robotocjksc" version="0.0.3" />
    </requires>
    <extension debugging="false" defaultthemename="Textures.xbt" effectslowdown="1" point="xbmc.gui.skin">
        <res aspect="16:9" default="true" folder="1080i" width="1920" height="1080" />
        <res aspect="3:2" default="false" folder="1080i" width="1620" height="1080" />
        <res aspect="4:3" default="false" folder="1080i" width="1440" height="1080" />
        <res aspect="16:10" default="false" folder="1080i" width="1728" height="1080" />
        <res aspect="17:9" default="false" folder="1080i" width="2040" height="1080" />
        <res aspect="21:9" default="false" folder="1080i" width="2520" height="1080" />
        <res aspect="19.5:9" default="false" folder="1080i" width="2340" height="1080" />
        <res aspect="18:9" default="false" folder="1080i" width="2160" height="1080" />
    </extension>
    <extension point="xbmc.addon.metadata">
        <summary lang="en">A minimal row based skin</summary>
        <description lang="en">Arctic Fuse 2 is a minimal row based skin with customisable widgets</description>
        <platform>all</platform>
        <license>Creative Commons Attribution Non-Commercial Share-Alike 4.0</license>
        <forum />
        <source />
        <assets>
            <icon>icon.png</icon>
            <fanart>fanart.jpg</fanart>
        </assets>
    </extension>
</addon>
