<?xml version="1.0" encoding="UTF-8"?>
<window type="dialog" id="1182">
    <visible>Window.IsVisible(Home) | [Window.IsVisible(1101) + !String.IsEmpty(Skin.String(HomeSwitcher.1101.Toggle))] | [Window.IsVisible(1102) + !String.IsEmpty(Skin.String(HomeSwitcher.1102.Toggle))] | [Window.IsVisible(1103) + !String.IsEmpty(Skin.String(HomeSwitcher.1103.Toggle))] | [Window.IsVisible(1104) + !String.IsEmpty(Skin.String(HomeSwitcher.1104.Toggle))] | [Window.IsVisible(1106) + !String.IsEmpty(Skin.String(HomeSwitcher.1106.Toggle))] | [Window.IsVisible(1107) + !String.IsEmpty(Skin.String(HomeSwitcher.1107.Toggle))] | [Window.IsVisible(1108) + !String.IsEmpty(Skin.String(HomeSwitcher.1108.Toggle))]</visible>
    <visible>!Window.IsVisible(1183)</visible>
    <zorder>0</zorder>
    <controls>
        <include>Home_Switcher</include>
    </controls>
</window>