<?xml version="1.0" encoding="UTF-8"?>
<window type="window" id="1115">
    <defaultcontrol always="true">30000</defaultcontrol>
    <onload>ClearProperty(url)</onload>
    <onload>ClearProperty(forced)</onload>
    <onload>ClearProperty(menu)</onload>
    <onload>ClearProperty(mode)</onload>
    <onload>ClearProperty(guid)</onload>
    <onload>ClearProperty(list_id)</onload>
    <onload>ClearProperty(widgetonly_menu)</onload>
    <onload>ClearProperty(show_all_hubs)</onload>

    <include>Action_Blur_Onload</include>

    <onload>SetFocus(30000,0,absolute)</onload>
    <onunload>Skin.SetString(Shortcuts.RebuildDateTime,$INFO[System.Date(yyyy-mm-dd)]_$INFO[System.Time(hh:mm:ss)])</onunload>

    <controls>


        <include>Background</include>

        <include content="Settings_Dialog">
            <include content="Settings_Main_Group">
                <param name="label">$LOCALIZE[31114]</param>
                <include content="Settings_Left_Group">
                    <include content="Settings_Left_Content">

                        <include content="List_DialogSelect">
                            <param name="id">30000</param>
                            <param name="itemlayout_include">Layout_ShortcutCategories</param>
                            <param name="textcolor">main_fg</param>
                            <param name="altfocus">!Control.HasFocus(20)</param>
                            <param name="misc">!String.IsEmpty(ListItem.Property(enabled))</param>
                            <param name="variation">!String.IsEmpty(ListItem.Property(checkmark))</param>
                            <right>40</right>
                            <onright>340</onright>

                            <content>
                                <item id="0">
                                    <label>$VAR[Home_Name_home]</label>
                                    <icon>$VAR[Home_Icon_home]</icon>
                                    <property name="editmenu">menu=home</property>
                                    <property name="rename">HomeSwitcher.Home</property>
                                    <property name="enabled">true</property>
                                    <property name="mode">$INFO[Skin.String(HomeSwitcher.Home.Mode)]</property>
                                </item>
                                <item id="1">
                                    <label>$VAR[Home_Name_1101]</label>
                                    <icon>$VAR[Home_Icon_1101]</icon>
                                    <property name="checkmark">true</property>
                                    <property name="editmenu">menu=1101</property>
                                    <property name="rename">HomeSwitcher.1101</property>
                                    <property name="enabled">$INFO[Skin.String(HomeSwitcher.1101.Toggle)]</property>
                                    <property name="mode">$INFO[Skin.String(HomeSwitcher.1101.Mode)]</property>
                                    <onclick condition="String.IsEmpty(Container(30000).ListItem.Property(enabled))">Skin.SetString($INFO[Container(30000).ListItem.Property(rename),,.Toggle],true)</onclick>
                                    <onclick condition="String.IsEqual(Container(30000).ListItem.Property(enabled),true)">Skin.Reset($INFO[Container(30000).ListItem.Property(rename),,.Toggle])</onclick>
                                </item>
                                <item id="2">
                                    <label>$VAR[Home_Name_1102]</label>
                                    <icon>$VAR[Home_Icon_1102]</icon>
                                    <property name="checkmark">true</property>
                                    <property name="editmenu">menu=1102</property>
                                    <property name="rename">HomeSwitcher.1102</property>
                                    <property name="enabled">$INFO[Skin.String(HomeSwitcher.1102.Toggle)]</property>
                                    <property name="mode">$INFO[Skin.String(HomeSwitcher.1102.Mode)]</property>
                                    <onclick condition="String.IsEmpty(Container(30000).ListItem.Property(enabled))">Skin.SetString($INFO[Container(30000).ListItem.Property(rename),,.Toggle],true)</onclick>
                                    <onclick condition="String.IsEqual(Container(30000).ListItem.Property(enabled),true)">Skin.Reset($INFO[Container(30000).ListItem.Property(rename),,.Toggle])</onclick>
                                </item>
                                <item id="3">
                                    <label>$VAR[Home_Name_1103]</label>
                                    <icon>$VAR[Home_Icon_1103]</icon>
                                    <property name="checkmark">true</property>
                                    <property name="editmenu">menu=1103</property>
                                    <property name="rename">HomeSwitcher.1103</property>
                                    <property name="enabled">$INFO[Skin.String(HomeSwitcher.1103.Toggle)]</property>
                                    <property name="mode">$INFO[Skin.String(HomeSwitcher.1103.Mode)]</property>
                                    <onclick condition="String.IsEmpty(Container(30000).ListItem.Property(enabled))">Skin.SetString($INFO[Container(30000).ListItem.Property(rename),,.Toggle],true)</onclick>
                                    <onclick condition="String.IsEqual(Container(30000).ListItem.Property(enabled),true)">Skin.Reset($INFO[Container(30000).ListItem.Property(rename),,.Toggle])</onclick>
                                </item>
                                <item id="4">
                                    <label>$VAR[Home_Name_1104]</label>
                                    <icon>$VAR[Home_Icon_1104]</icon>
                                    <property name="checkmark">true</property>
                                    <property name="editmenu">menu=1104</property>
                                    <property name="rename">HomeSwitcher.1104</property>
                                    <property name="enabled">$INFO[Skin.String(HomeSwitcher.1104.Toggle)]</property>
                                    <property name="mode">$INFO[Skin.String(HomeSwitcher.1104.Mode)]</property>
                                    <onclick condition="String.IsEmpty(Container(30000).ListItem.Property(enabled))">Skin.SetString($INFO[Container(30000).ListItem.Property(rename),,.Toggle],true)</onclick>
                                    <onclick condition="String.IsEqual(Container(30000).ListItem.Property(enabled),true)">Skin.Reset($INFO[Container(30000).ListItem.Property(rename),,.Toggle])</onclick>
                                </item>
                                <item id="5">
                                    <label>$LOCALIZE[137]</label>
                                    <icon>special://skin/extras/icons/search.png</icon>
                                    <property name="checkmark">true</property>
                                    <property name="editmenu">menu=search</property>
                                    <property name="enabled">$VAR[Action_SearchEnabled]</property>
                                    <onclick>Skin.ToggleSetting(HomeSwitcher.DisableSearch)</onclick>
                                </item>
                                <item id="8">
                                    <label>$LOCALIZE[31604]</label>
                                    <icon>special://skin/extras/icons/window-restore.png</icon>
                                </item>
                                <item id="9">
                                    <label>$LOCALIZE[33060]</label>
                                    <icon>special://skin/extras/icons/power.png</icon>
                                    <property name="editmenu">menu=power</property>
                                </item>
                            </content>
                        </include>
                    </include>
                </include>


                <include content="Settings_Right_Group">
                    <control type="group">
                        <control type="group" id="340">
                            <top>20</top>
                            <left>20</left>
                            <right>20</right>
                            <bottom>20</bottom>
                            <control type="grouplist" id="3000">
                                <top>0</top>
                                <orientation>vertical</orientation>
                                <onleft>30000</onleft>

                                <include>DialogShortcuts_Window_Settings_Search</include>
                                <include>DialogShortcuts_Window_Settings_Hubs</include>
                                <include>DialogShortcuts_Window_Settings_Additional</include>
                                <include>DialogShortcuts_Window_Settings_Power</include>

                            </control>
                        </control>
                    </control>
                </include>
            </include>



        </include>

    </controls>
</window>
