<?xml version="1.0" ?>
<includes>
    <!-- Wall Widgets -->
    <include name="skinvariables-homewidgets-wall">
        <include content="Hub_Wall_Widget">
            <param name="id">501</param>
            <param name="content">plugin://plugin.video.themoviedb.helper/?info=random_trending&amp;tmdb_type=movie&amp;reload=$INFO[Window(Home).Property(TMDbHelper.Widgets.Reload)]&amp;widget=true</param>
            <param name="include">List_Poster_Row</param>
            <param name="target">videos</param>
            <param name="sortby"/>
            <param name="sortorder">ascending</param>
            <param name="limit"/>
            <param name="visible">String.IsEqual(Container(601).ListItem.Property(guid),guid-4221d2fa)</param>
        </include>
        <include content="Hub_Wall_Widget">
            <param name="id">502</param>
            <param name="content">plugin://plugin.video.themoviedb.helper/?info=genres&amp;tmdb_type=movie&amp;reload=$INFO[Window(Home).Property(TMDbHelper.Widgets.Reload)]&amp;widget=true</param>
            <param name="include">List_Landscape_Row</param>
            <param name="target">videos</param>
            <param name="sortby"/>
            <param name="sortorder">ascending</param>
            <param name="limit"/>
            <param name="visible">String.IsEqual(Container(601).ListItem.Property(guid),guid-e4b192ed)</param>
        </include>
        <include content="Hub_Wall_Widget">
            <param name="id">503</param>
            <param name="content">$INFO[Window.Property(WidgetMeta.502.FolderPath)]</param>
            <param name="include">List_Landscape_Row</param>
            <param name="target">$INFO[Window.Property(WidgetMeta.502.Target)]</param>
            <param name="sortby"/>
            <param name="sortorder">ascending</param>
            <param name="limit"/>
            <param name="visible">String.IsEqual(Container(601).ListItem.Property(guid),guid-bd7a6b69)</param>
        </include>
        <include content="Hub_Wall_Widget">
            <param name="id">504</param>
            <param name="content">plugin://plugin.video.themoviedb.helper/?info=watch_providers&amp;tmdb_type=movie&amp;reload=$INFO[Window(Home).Property(TMDbHelper.Widgets.Reload)]&amp;widget=true</param>
            <param name="include">List_Landscape_Row</param>
            <param name="target">videos</param>
            <param name="sortby"/>
            <param name="sortorder">ascending</param>
            <param name="limit"/>
            <param name="visible">String.IsEqual(Container(601).ListItem.Property(guid),guid-4f7e003e)</param>
        </include>
        <include content="Hub_Wall_Widget">
            <param name="id">505</param>
            <param name="content">$INFO[Window.Property(WidgetMeta.504.FolderPath)]</param>
            <param name="include">List_Landscape_Row</param>
            <param name="target">$INFO[Window.Property(WidgetMeta.504.Target)]</param>
            <param name="sortby"/>
            <param name="sortorder">ascending</param>
            <param name="limit"/>
            <param name="visible">String.IsEqual(Container(601).ListItem.Property(guid),guid-dfbc63fe)</param>
        </include>
        <animation effect="slide" start="0" end="0,260" time="400" tween="quadratic" reversible="false" condition="$EXP[Exp_Hubs_Spotlight_SlideDown]">Conditional</animation>
        <animation effect="slide" end="0" start="0,260" time="400" tween="quadratic" reversible="false" condition="![$EXP[Exp_Hubs_Spotlight_SlideDown]]">Conditional</animation>
    </include>
    <!-- Combined Widgets Selector -->
    <include name="skinvariables-homewidgets-wall-selector">
        <item>
            <label>Random Trending Movies</label>
            <property name="guid">guid-4221d2fa</property>
            <property name="widget_id">$NUMBER[501]</property>
            <property name="show_overlay">true</property>
            <property name="hide_overlay"/>
            <onclick>ActivateWindow(videos,plugin://plugin.video.themoviedb.helper/?info=random_trending&amp;tmdb_type=movie&amp;reload=$INFO[Window(Home).Property(TMDbHelper.Widgets.Reload)]&amp;widget=true,return)</onclick>
            <visible>!Integer.IsEqual(Container(501).NumItems,0) | Container(501).IsUpdating</visible>
        </item>
        <item>
            <label>Genres</label>
            <property name="guid">guid-e4b192ed</property>
            <property name="widget_id">$NUMBER[502]</property>
            <property name="show_overlay">true</property>
            <property name="hide_overlay"/>
            <onclick>ActivateWindow(videos,plugin://plugin.video.themoviedb.helper/?info=genres&amp;tmdb_type=movie&amp;reload=$INFO[Window(Home).Property(TMDbHelper.Widgets.Reload)]&amp;widget=true,return)</onclick>
            <visible>!Integer.IsEqual(Container(502).NumItems,0) | Container(502).IsUpdating</visible>
        </item>
        <item>
            <label>$INFO[Window.Property(WidgetMeta.502.Label)]</label>
            <property name="guid">guid-bd7a6b69</property>
            <property name="widget_id">$NUMBER[503]</property>
            <property name="show_overlay">true</property>
            <property name="hide_overlay"/>
            <onclick>ActivateWindow($INFO[Window.Property(WidgetMeta.502.Target)],$INFO[Window.Property(WidgetMeta.502.FolderPath)],return)</onclick>
            <visible>!Integer.IsEqual(Container(503).NumItems,0) | Container(503).IsUpdating</visible>
        </item>
        <item>
            <label>Providers</label>
            <property name="guid">guid-4f7e003e</property>
            <property name="widget_id">$NUMBER[504]</property>
            <property name="show_overlay">true</property>
            <property name="hide_overlay"/>
            <onclick>ActivateWindow(videos,plugin://plugin.video.themoviedb.helper/?info=watch_providers&amp;tmdb_type=movie&amp;reload=$INFO[Window(Home).Property(TMDbHelper.Widgets.Reload)]&amp;widget=true,return)</onclick>
            <visible>!Integer.IsEqual(Container(504).NumItems,0) | Container(504).IsUpdating</visible>
        </item>
        <item>
            <label>$INFO[Window.Property(WidgetMeta.504.Label)]</label>
            <property name="guid">guid-dfbc63fe</property>
            <property name="widget_id">$NUMBER[505]</property>
            <property name="show_overlay">true</property>
            <property name="hide_overlay"/>
            <onclick>ActivateWindow($INFO[Window.Property(WidgetMeta.504.Target)],$INFO[Window.Property(WidgetMeta.504.FolderPath)],return)</onclick>
            <visible>!Integer.IsEqual(Container(505).NumItems,0) | Container(505).IsUpdating</visible>
        </item>
    </include>
    <!-- Combined Info -->
    <include name="skinvariables-homewidgets-wall-info">
        <include content="Hub_Wall_Info">
            <param name="id">501</param>
        </include>
        <include content="Hub_Wall_Info">
            <param name="id">502</param>
        </include>
        <include content="Hub_Wall_Info">
            <param name="id">503</param>
        </include>
        <include content="Hub_Wall_Info">
            <param name="id">504</param>
        </include>
        <include content="Hub_Wall_Info">
            <param name="id">505</param>
        </include>
    </include>
    <!-- Wall Widgets -->
    <include name="skinvariables-homewidgets-combined">
        <include content="Hub_Combined_Widget">
            <param name="id">501</param>
            <param name="content">plugin://plugin.video.themoviedb.helper/?info=random_trending&amp;tmdb_type=movie&amp;reload=$INFO[Window(Home).Property(TMDbHelper.Widgets.Reload)]&amp;widget=true</param>
            <param name="include">List_Poster_Row</param>
            <param name="target">videos</param>
            <param name="sortby"/>
            <param name="sortorder">ascending</param>
            <param name="limit"/>
            <param name="visible">String.IsEqual(Container(601).ListItem.Property(guid),guid-4221d2fa)</param>
        </include>
        <include content="Hub_Combined_Widget">
            <param name="id">502</param>
            <param name="content">plugin://plugin.video.themoviedb.helper/?info=genres&amp;tmdb_type=movie&amp;reload=$INFO[Window(Home).Property(TMDbHelper.Widgets.Reload)]&amp;widget=true</param>
            <param name="include">List_Landscape_Row</param>
            <param name="target">videos</param>
            <param name="sortby"/>
            <param name="sortorder">ascending</param>
            <param name="limit"/>
            <param name="visible">String.IsEqual(Container(601).ListItem.Property(guid),guid-e4b192ed)</param>
        </include>
        <include content="Hub_Combined_Widget">
            <param name="id">503</param>
            <param name="content">$INFO[Window.Property(WidgetMeta.502.FolderPath)]</param>
            <param name="include">List_Landscape_Row</param>
            <param name="target">$INFO[Window.Property(WidgetMeta.502.Target)]</param>
            <param name="sortby"/>
            <param name="sortorder">ascending</param>
            <param name="limit"/>
            <param name="visible">String.IsEqual(Container(601).ListItem.Property(guid),guid-bd7a6b69)</param>
        </include>
        <include content="Hub_Combined_Widget">
            <param name="id">504</param>
            <param name="content">plugin://plugin.video.themoviedb.helper/?info=watch_providers&amp;tmdb_type=movie&amp;reload=$INFO[Window(Home).Property(TMDbHelper.Widgets.Reload)]&amp;widget=true</param>
            <param name="include">List_Landscape_Row</param>
            <param name="target">videos</param>
            <param name="sortby"/>
            <param name="sortorder">ascending</param>
            <param name="limit"/>
            <param name="visible">String.IsEqual(Container(601).ListItem.Property(guid),guid-4f7e003e)</param>
        </include>
        <include content="Hub_Combined_Widget">
            <param name="id">505</param>
            <param name="content">$INFO[Window.Property(WidgetMeta.504.FolderPath)]</param>
            <param name="include">List_Landscape_Row</param>
            <param name="target">$INFO[Window.Property(WidgetMeta.504.Target)]</param>
            <param name="sortby"/>
            <param name="sortorder">ascending</param>
            <param name="limit"/>
            <param name="visible">String.IsEqual(Container(601).ListItem.Property(guid),guid-dfbc63fe)</param>
        </include>
    </include>
    <!-- Wall Widgets Selector -->
    <include name="skinvariables-homewidgets-combined-selector">
        <item>
            <label>Random Trending Movies</label>
            <property name="guid">guid-4221d2fa</property>
            <property name="widget_id">$NUMBER[501]</property>
            <property name="show_overlay"/>
            <property name="hide_overlay">true</property>
            <onclick>ActivateWindow(videos,plugin://plugin.video.themoviedb.helper/?info=random_trending&amp;tmdb_type=movie&amp;reload=$INFO[Window(Home).Property(TMDbHelper.Widgets.Reload)]&amp;widget=true,return)</onclick>
            <visible>!Integer.IsEqual(Container(501).NumItems,0) | Container(501).IsUpdating</visible>
        </item>
        <item>
            <label>Genres</label>
            <property name="guid">guid-e4b192ed</property>
            <property name="widget_id">$NUMBER[502]</property>
            <property name="show_overlay"/>
            <property name="hide_overlay">true</property>
            <onclick>ActivateWindow(videos,plugin://plugin.video.themoviedb.helper/?info=genres&amp;tmdb_type=movie&amp;reload=$INFO[Window(Home).Property(TMDbHelper.Widgets.Reload)]&amp;widget=true,return)</onclick>
            <visible>!Integer.IsEqual(Container(502).NumItems,0) | Container(502).IsUpdating</visible>
        </item>
        <item>
            <label>$INFO[Window.Property(WidgetMeta.502.Label)]</label>
            <property name="guid">guid-bd7a6b69</property>
            <property name="widget_id">$NUMBER[503]</property>
            <property name="show_overlay"/>
            <property name="hide_overlay">true</property>
            <onclick>ActivateWindow($INFO[Window.Property(WidgetMeta.502.Target)],$INFO[Window.Property(WidgetMeta.502.FolderPath)],return)</onclick>
            <visible>!Integer.IsEqual(Container(503).NumItems,0) | Container(503).IsUpdating</visible>
        </item>
        <item>
            <label>Providers</label>
            <property name="guid">guid-4f7e003e</property>
            <property name="widget_id">$NUMBER[504]</property>
            <property name="show_overlay"/>
            <property name="hide_overlay">true</property>
            <onclick>ActivateWindow(videos,plugin://plugin.video.themoviedb.helper/?info=watch_providers&amp;tmdb_type=movie&amp;reload=$INFO[Window(Home).Property(TMDbHelper.Widgets.Reload)]&amp;widget=true,return)</onclick>
            <visible>!Integer.IsEqual(Container(504).NumItems,0) | Container(504).IsUpdating</visible>
        </item>
        <item>
            <label>$INFO[Window.Property(WidgetMeta.504.Label)]</label>
            <property name="guid">guid-dfbc63fe</property>
            <property name="widget_id">$NUMBER[505]</property>
            <property name="show_overlay"/>
            <property name="hide_overlay">true</property>
            <onclick>ActivateWindow($INFO[Window.Property(WidgetMeta.504.Target)],$INFO[Window.Property(WidgetMeta.504.FolderPath)],return)</onclick>
            <visible>!Integer.IsEqual(Container(505).NumItems,0) | Container(505).IsUpdating</visible>
        </item>
    </include>
    <!-- Combined Info -->
    <include name="skinvariables-homewidgets-combined-info">
        <include content="Hub_Combined_Info">
            <param name="id">501</param>
        </include>
        <include content="Hub_Combined_Info">
            <param name="id">502</param>
        </include>
        <include content="Hub_Combined_Info">
            <param name="id">503</param>
        </include>
        <include content="Hub_Combined_Info">
            <param name="id">504</param>
        </include>
        <include content="Hub_Combined_Info">
            <param name="id">505</param>
        </include>
    </include>
    <!-- Standard Widgets -->
    <include name="skinvariables-homewidgets-standard">
        <include content="Hub_Widgets_Grouplist">
            <include content="Widget_Row">
                <param name="id">501</param>
                <param name="groupid">701</param>
                <param name="label">Random Trending Movies</param>
                <param name="usewidgetlabel">False</param>
                <param name="include">List_Poster_Row</param>
                <param name="grouplistid">602</param>
                <param name="refocus">SetFocus(302)</param>
                <param name="detailed">False</param>
                <param name="visible">[True] + [True]</param>
                <param name="altvisible">False</param>
                <param name="busy_isupdating">True</param>
                <param name="widgetfade_include">true</param>
                <param name="widgetfade_disable">false</param>
                <param name="widgetconstants_affix">_detailed</param>
                <onfocus>ClearProperty(HomeSwitcher.IsVisible,Home)</onfocus>
                <onfocus>ClearProperty(InfoPanel.FullSwitch,Home)</onfocus>
                <description/>
                <include content="Widget_NoResults">
                    <param name="id">501</param>
                </include>
                <content sortby="" sortorder="ascending" target="videos" limit="" browse="$VAR[Defs_BrowseLimitedLists]">plugin://plugin.video.themoviedb.helper/?info=random_trending&amp;tmdb_type=movie&amp;reload=$INFO[Window(Home).Property(TMDbHelper.Widgets.Reload)]&amp;widget=true</content>
                <include content="Defs_AutoScroll" condition="False">
                    <param name="condition">[!Control.HasFocus(501) | System.IdleTime(3)]</param>
                </include>
            </include>
            <include content="Widget_Row">
                <param name="id">502</param>
                <param name="groupid">702</param>
                <param name="label">Genres</param>
                <param name="usewidgetlabel">False</param>
                <param name="include">List_Landscape_Row</param>
                <param name="grouplistid">602</param>
                <param name="refocus">SetFocus(302)</param>
                <param name="detailed">False</param>
                <param name="visible">[True] + [True]</param>
                <param name="altvisible">False</param>
                <param name="busy_isupdating">True</param>
                <param name="widgetfade_include">true</param>
                <param name="widgetfade_disable">false</param>
                <param name="widgetconstants_affix">_detailed</param>
                <onfocus>ClearProperty(HomeSwitcher.IsVisible,Home)</onfocus>
                <onfocus>ClearProperty(InfoPanel.FullSwitch,Home)</onfocus>
                <description/>
                <include content="Widget_NoResults">
                    <param name="id">502</param>
                </include>
                <content sortby="" sortorder="ascending" target="videos" limit="" browse="$VAR[Defs_BrowseLimitedLists]">plugin://plugin.video.themoviedb.helper/?info=genres&amp;tmdb_type=movie&amp;reload=$INFO[Window(Home).Property(TMDbHelper.Widgets.Reload)]&amp;widget=true</content>
                <include content="Defs_AutoScroll" condition="False">
                    <param name="condition">[!Control.HasFocus(502) | System.IdleTime(3)]</param>
                </include>
            </include>
            <include content="Widget_Row">
                <param name="id">503</param>
                <param name="groupid">703</param>
                <param name="label">$INFO[Window.Property(WidgetMeta.502.Label)]</param>
                <param name="usewidgetlabel">False</param>
                <param name="include">List_Landscape_Row</param>
                <param name="grouplistid">602</param>
                <param name="refocus">SetFocus(302)</param>
                <param name="detailed">False</param>
                <param name="visible">[True] + [Control.IsVisible(502)]</param>
                <param name="altvisible">Control.HasFocus(502)</param>
                <param name="busy_isupdating">True</param>
                <param name="widgetfade_include">true</param>
                <param name="widgetfade_disable">false</param>
                <param name="widgetconstants_affix">_detailed</param>
                <onfocus>ClearProperty(HomeSwitcher.IsVisible,Home)</onfocus>
                <onfocus>ClearProperty(InfoPanel.FullSwitch,Home)</onfocus>
                <description/>
                <include content="Widget_NoResults">
                    <param name="id">503</param>
                </include>
                <content sortby="" sortorder="ascending" target="$INFO[Window.Property(WidgetMeta.502.Target)]" limit="" browse="$VAR[Defs_BrowseLimitedLists]">$INFO[Window.Property(WidgetMeta.502.FolderPath)]</content>
                <include content="Defs_AutoScroll" condition="False">
                    <param name="condition">[!Control.HasFocus(503) | System.IdleTime(3)]</param>
                </include>
            </include>
            <include content="Widget_Row">
                <param name="id">504</param>
                <param name="groupid">704</param>
                <param name="label">Providers</param>
                <param name="usewidgetlabel">False</param>
                <param name="include">List_Landscape_Row</param>
                <param name="grouplistid">602</param>
                <param name="refocus">SetFocus(302)</param>
                <param name="detailed">False</param>
                <param name="visible">[True] + [True]</param>
                <param name="altvisible">False</param>
                <param name="busy_isupdating">True</param>
                <param name="widgetfade_include">true</param>
                <param name="widgetfade_disable">false</param>
                <param name="widgetconstants_affix">_detailed</param>
                <onfocus>ClearProperty(HomeSwitcher.IsVisible,Home)</onfocus>
                <onfocus>ClearProperty(InfoPanel.FullSwitch,Home)</onfocus>
                <description/>
                <include content="Widget_NoResults">
                    <param name="id">504</param>
                </include>
                <content sortby="" sortorder="ascending" target="videos" limit="" browse="$VAR[Defs_BrowseLimitedLists]">plugin://plugin.video.themoviedb.helper/?info=watch_providers&amp;tmdb_type=movie&amp;reload=$INFO[Window(Home).Property(TMDbHelper.Widgets.Reload)]&amp;widget=true</content>
                <include content="Defs_AutoScroll" condition="False">
                    <param name="condition">[!Control.HasFocus(504) | System.IdleTime(3)]</param>
                </include>
            </include>
            <include content="Widget_Row">
                <param name="id">505</param>
                <param name="groupid">705</param>
                <param name="label">$INFO[Window.Property(WidgetMeta.504.Label)]</param>
                <param name="usewidgetlabel">False</param>
                <param name="include">List_Landscape_Row</param>
                <param name="grouplistid">602</param>
                <param name="refocus">SetFocus(302)</param>
                <param name="detailed">False</param>
                <param name="visible">[True] + [Control.IsVisible(504)]</param>
                <param name="altvisible">Control.HasFocus(504)</param>
                <param name="busy_isupdating">True</param>
                <param name="widgetfade_include">true</param>
                <param name="widgetfade_disable">false</param>
                <param name="widgetconstants_affix">_detailed</param>
                <onfocus>ClearProperty(HomeSwitcher.IsVisible,Home)</onfocus>
                <onfocus>ClearProperty(InfoPanel.FullSwitch,Home)</onfocus>
                <description/>
                <include content="Widget_NoResults">
                    <param name="id">505</param>
                </include>
                <content sortby="" sortorder="ascending" target="$INFO[Window.Property(WidgetMeta.504.Target)]" limit="" browse="$VAR[Defs_BrowseLimitedLists]">$INFO[Window.Property(WidgetMeta.504.FolderPath)]</content>
                <include content="Defs_AutoScroll" condition="False">
                    <param name="condition">[!Control.HasFocus(505) | System.IdleTime(3)]</param>
                </include>
            </include>
        </include>
    </include>
    <!-- Wall Widgets -->
    <include name="skinvariables-1101widgets-wall">
        <include content="Hub_Wall_Widget">
            <param name="id">501</param>
            <param name="content">plugin://plugin.video.themoviedb.helper/?info=popular&amp;tmdb_type=tv&amp;reload=$INFO[Window(Home).Property(TMDbHelper.Widgets.Reload)]&amp;widget=true</param>
            <param name="include">List_Landscape_Row</param>
            <param name="target">videos</param>
            <param name="sortby"/>
            <param name="sortorder">ascending</param>
            <param name="limit"/>
            <param name="visible">String.IsEqual(Container(601).ListItem.Property(guid),guid-f6b380a6)</param>
        </include>
        <animation effect="slide" start="0" end="0,260" time="400" tween="quadratic" reversible="false" condition="$EXP[Exp_Hubs_Spotlight_SlideDown]">Conditional</animation>
        <animation effect="slide" end="0" start="0,260" time="400" tween="quadratic" reversible="false" condition="![$EXP[Exp_Hubs_Spotlight_SlideDown]]">Conditional</animation>
    </include>
    <!-- Combined Widgets Selector -->
    <include name="skinvariables-1101widgets-wall-selector">
        <item>
            <label>Popular</label>
            <property name="guid">guid-f6b380a6</property>
            <property name="widget_id">$NUMBER[501]</property>
            <property name="show_overlay">true</property>
            <property name="hide_overlay"/>
            <onclick>ActivateWindow(videos,plugin://plugin.video.themoviedb.helper/?info=popular&amp;tmdb_type=tv&amp;reload=$INFO[Window(Home).Property(TMDbHelper.Widgets.Reload)]&amp;widget=true,return)</onclick>
            <visible>!Integer.IsEqual(Container(501).NumItems,0) | Container(501).IsUpdating</visible>
        </item>
    </include>
    <!-- Combined Info -->
    <include name="skinvariables-1101widgets-wall-info">
        <include content="Hub_Wall_Info">
            <param name="id">501</param>
        </include>
    </include>
    <!-- Wall Widgets -->
    <include name="skinvariables-1101widgets-combined">
        <include content="Hub_Combined_Widget">
            <param name="id">501</param>
            <param name="content">plugin://plugin.video.themoviedb.helper/?info=popular&amp;tmdb_type=tv&amp;reload=$INFO[Window(Home).Property(TMDbHelper.Widgets.Reload)]&amp;widget=true</param>
            <param name="include">List_Landscape_Row</param>
            <param name="target">videos</param>
            <param name="sortby"/>
            <param name="sortorder">ascending</param>
            <param name="limit"/>
            <param name="visible">String.IsEqual(Container(601).ListItem.Property(guid),guid-f6b380a6)</param>
        </include>
    </include>
    <!-- Wall Widgets Selector -->
    <include name="skinvariables-1101widgets-combined-selector">
        <item>
            <label>Popular</label>
            <property name="guid">guid-f6b380a6</property>
            <property name="widget_id">$NUMBER[501]</property>
            <property name="show_overlay"/>
            <property name="hide_overlay">true</property>
            <onclick>ActivateWindow(videos,plugin://plugin.video.themoviedb.helper/?info=popular&amp;tmdb_type=tv&amp;reload=$INFO[Window(Home).Property(TMDbHelper.Widgets.Reload)]&amp;widget=true,return)</onclick>
            <visible>!Integer.IsEqual(Container(501).NumItems,0) | Container(501).IsUpdating</visible>
        </item>
    </include>
    <!-- Combined Info -->
    <include name="skinvariables-1101widgets-combined-info">
        <include content="Hub_Combined_Info">
            <param name="id">501</param>
        </include>
    </include>
    <!-- Standard Widgets -->
    <include name="skinvariables-1101widgets-standard">
        <include content="Hub_Widgets_Grouplist">
            <include content="Widget_Row">
                <param name="id">501</param>
                <param name="groupid">701</param>
                <param name="label">Popular</param>
                <param name="usewidgetlabel">False</param>
                <param name="include">List_Landscape_Row</param>
                <param name="grouplistid">602</param>
                <param name="refocus">SetFocus(302)</param>
                <param name="detailed">False</param>
                <param name="visible">[True] + [True]</param>
                <param name="altvisible">False</param>
                <param name="busy_isupdating">True</param>
                <param name="widgetfade_include">true</param>
                <param name="widgetfade_disable">false</param>
                <param name="widgetconstants_affix">_detailed</param>
                <onfocus>ClearProperty(HomeSwitcher.IsVisible,Home)</onfocus>
                <onfocus>ClearProperty(InfoPanel.FullSwitch,Home)</onfocus>
                <description/>
                <include content="Widget_NoResults">
                    <param name="id">501</param>
                </include>
                <content sortby="" sortorder="ascending" target="videos" limit="" browse="$VAR[Defs_BrowseLimitedLists]">plugin://plugin.video.themoviedb.helper/?info=popular&amp;tmdb_type=tv&amp;reload=$INFO[Window(Home).Property(TMDbHelper.Widgets.Reload)]&amp;widget=true</content>
                <include content="Defs_AutoScroll" condition="False">
                    <param name="condition">[!Control.HasFocus(501) | System.IdleTime(3)]</param>
                </include>
            </include>
        </include>
    </include>
    <!-- Wall Widgets -->
    <include name="skinvariables-1102widgets-wall">
        <animation effect="slide" start="0" end="0,260" time="400" tween="quadratic" reversible="false" condition="$EXP[Exp_Hubs_Spotlight_SlideDown]">Conditional</animation>
        <animation effect="slide" end="0" start="0,260" time="400" tween="quadratic" reversible="false" condition="![$EXP[Exp_Hubs_Spotlight_SlideDown]]">Conditional</animation>
    </include>
    <!-- Combined Widgets Selector -->
    <include name="skinvariables-1102widgets-wall-selector">
</include>
    <!-- Combined Info -->
    <include name="skinvariables-1102widgets-wall-info">
</include>
    <!-- Wall Widgets -->
    <include name="skinvariables-1102widgets-combined">
</include>
    <!-- Wall Widgets Selector -->
    <include name="skinvariables-1102widgets-combined-selector">
</include>
    <!-- Combined Info -->
    <include name="skinvariables-1102widgets-combined-info">
</include>
    <!-- Standard Widgets -->
    <include name="skinvariables-1102widgets-standard">
        <include content="Hub_Widgets_Grouplist">
</include>
    </include>
    <!-- Wall Widgets -->
    <include name="skinvariables-1103widgets-wall">
        <animation effect="slide" start="0" end="0,260" time="400" tween="quadratic" reversible="false" condition="$EXP[Exp_Hubs_Spotlight_SlideDown]">Conditional</animation>
        <animation effect="slide" end="0" start="0,260" time="400" tween="quadratic" reversible="false" condition="![$EXP[Exp_Hubs_Spotlight_SlideDown]]">Conditional</animation>
    </include>
    <!-- Combined Widgets Selector -->
    <include name="skinvariables-1103widgets-wall-selector">
</include>
    <!-- Combined Info -->
    <include name="skinvariables-1103widgets-wall-info">
</include>
    <!-- Wall Widgets -->
    <include name="skinvariables-1103widgets-combined">
</include>
    <!-- Wall Widgets Selector -->
    <include name="skinvariables-1103widgets-combined-selector">
</include>
    <!-- Combined Info -->
    <include name="skinvariables-1103widgets-combined-info">
</include>
    <!-- Standard Widgets -->
    <include name="skinvariables-1103widgets-standard">
        <include content="Hub_Widgets_Grouplist">
</include>
    </include>
    <!-- Wall Widgets -->
    <include name="skinvariables-1104widgets-wall">
        <animation effect="slide" start="0" end="0,260" time="400" tween="quadratic" reversible="false" condition="$EXP[Exp_Hubs_Spotlight_SlideDown]">Conditional</animation>
        <animation effect="slide" end="0" start="0,260" time="400" tween="quadratic" reversible="false" condition="![$EXP[Exp_Hubs_Spotlight_SlideDown]]">Conditional</animation>
    </include>
    <!-- Combined Widgets Selector -->
    <include name="skinvariables-1104widgets-wall-selector">
</include>
    <!-- Combined Info -->
    <include name="skinvariables-1104widgets-wall-info">
</include>
    <!-- Wall Widgets -->
    <include name="skinvariables-1104widgets-combined">
</include>
    <!-- Wall Widgets Selector -->
    <include name="skinvariables-1104widgets-combined-selector">
</include>
    <!-- Combined Info -->
    <include name="skinvariables-1104widgets-combined-info">
</include>
    <!-- Standard Widgets -->
    <include name="skinvariables-1104widgets-standard">
        <include content="Hub_Widgets_Grouplist">
</include>
    </include>
    <!-- Static Submenu Menu -->
    <include name="skinvariables-homesubmenu-staticitems">
        <item>
            <label>$LOCALIZE[3]</label>
            <icon>special://skin/extras/icons/video.png</icon>
            <property name="path">ActivateWindow(videos)</property>
            <property name="menu">homesubmenu</property>
            <property name="mode"/>
            <property name="node"/>
            <property name="item">$NUMBER[0]</property>
            <property name="guid">guid-da875309</property>
            <property name="target"/>
            <property name="fanart"/>
            <property name="quickjump"/>
            <onclick condition="!Control.HasFocus(800)">Close</onclick>
            <onclick>ActivateWindow(videos)</onclick>
            <visible>True</visible>
        </item>
        <item>
            <label>$LOCALIZE[249]</label>
            <icon>special://skin/extras/icons/songs.png</icon>
            <property name="path">ActivateWindow(music)</property>
            <property name="menu">homesubmenu</property>
            <property name="mode"/>
            <property name="node"/>
            <property name="item">$NUMBER[1]</property>
            <property name="guid">guid-de27808b</property>
            <property name="target"/>
            <property name="fanart"/>
            <property name="quickjump"/>
            <onclick condition="!Control.HasFocus(800)">Close</onclick>
            <onclick>ActivateWindow(music)</onclick>
            <visible>True</visible>
        </item>
        <item>
            <label>$LOCALIZE[1]</label>
            <icon>special://skin/extras/icons/image.png</icon>
            <property name="path">ActivateWindow(pictures)</property>
            <property name="menu">homesubmenu</property>
            <property name="mode"/>
            <property name="node"/>
            <property name="item">$NUMBER[2]</property>
            <property name="guid">guid-239d466d</property>
            <property name="target"/>
            <property name="fanart"/>
            <property name="quickjump"/>
            <onclick condition="!Control.HasFocus(800)">Close</onclick>
            <onclick>ActivateWindow(pictures)</onclick>
            <visible>True</visible>
        </item>
    </include>
    <!-- Static Submenu Menu -->
    <include name="skinvariables-1101submenu-staticitems">
</include>
    <!-- Static Submenu Menu -->
    <include name="skinvariables-1102submenu-staticitems">
</include>
    <!-- Static Submenu Menu -->
    <include name="skinvariables-1103submenu-staticitems">
</include>
    <!-- Static Submenu Menu -->
    <include name="skinvariables-1104submenu-staticitems">
</include>
    <!-- Static Power Main Menu -->
    <include name="skinvariables-powermenu-staticitems">
        <item>
            <label>$LOCALIZE[1036]</label>
            <icon>special://skin/extras/icons/favourites2.png</icon>
            <property name="path">ActivateWindow(1160)</property>
            <property name="menu">powermenu</property>
            <property name="mode"/>
            <property name="node"/>
            <property name="item">$NUMBER[0]</property>
            <property name="guid">guid-da920c74</property>
            <property name="target"/>
            <property name="fanart"/>
            <onclick>Close</onclick>
            <onclick>ActivateWindow(1160)</onclick>
            <visible>True</visible>
        </item>
        <item>
            <label>$LOCALIZE[7]</label>
            <icon>special://skin/extras/icons/filebox.png</icon>
            <property name="path">ActivateWindow(filemanager)</property>
            <property name="menu">powermenu</property>
            <property name="mode"/>
            <property name="node"/>
            <property name="item">$NUMBER[1]</property>
            <property name="guid">guid-d79e88a4</property>
            <property name="target"/>
            <property name="fanart"/>
            <onclick>Close</onclick>
            <onclick>ActivateWindow(filemanager)</onclick>
            <visible>True</visible>
        </item>
        <item>
            <label>$LOCALIZE[31359]</label>
            <icon>special://skin/extras/icons/address-card.png</icon>
            <property name="path">ActivateWindow(1195)</property>
            <property name="menu">powermenu</property>
            <property name="mode"/>
            <property name="node"/>
            <property name="item">$NUMBER[2]</property>
            <property name="guid">guid-740d5ff0</property>
            <property name="target"/>
            <property name="fanart"/>
            <onclick>Close</onclick>
            <onclick>ActivateWindow(1195)</onclick>
            <visible>!Skin.HasSetting(SkinUserLogin.Disabled)</visible>
        </item>
        <item>
            <label>Rebuild Skin</label>
            <icon>special://skin/extras/icons/rotate.png</icon>
            <property name="path">RunScript(script.skinvariables,&quot;run_executebuiltin=special://skin/shortcuts/skinvariables-build-templates.json&quot;,use_rules)</property>
            <property name="menu">powermenu</property>
            <property name="mode"/>
            <property name="node"/>
            <property name="item">$NUMBER[3]</property>
            <property name="guid">guid-7da622b6</property>
            <property name="target"/>
            <property name="fanart"/>
            <onclick>Close</onclick>
            <onclick>RunScript(script.skinvariables,&quot;run_executebuiltin=special://skin/shortcuts/skinvariables-build-templates.json&quot;,use_rules)</onclick>
            <visible>True</visible>
        </item>
        <item>
            <label>Reload Skin</label>
            <icon>special://skin/extras/icons/rotate.png</icon>
            <property name="path">ReloadSkin</property>
            <property name="menu">powermenu</property>
            <property name="mode"/>
            <property name="node"/>
            <property name="item">$NUMBER[4]</property>
            <property name="guid">guid-a09940d0</property>
            <property name="target"/>
            <property name="fanart"/>
            <onclick>Close</onclick>
            <onclick>ReloadSkin</onclick>
            <visible>True</visible>
        </item>
        <item>
            <label>$LOCALIZE[13009]</label>
            <icon>special://skin/extras/icons/power.png</icon>
            <property name="path">Quit()</property>
            <property name="menu">powermenu</property>
            <property name="mode"/>
            <property name="node"/>
            <property name="item">$NUMBER[5]</property>
            <property name="guid">guid-47071d0b</property>
            <property name="target"/>
            <property name="fanart"/>
            <onclick>Close</onclick>
            <onclick>Quit()</onclick>
            <visible>True</visible>
        </item>
    </include>
    <!-- Options Tray Items -->
    <include name="skinvariables-powertray-staticitems">
</include>
    <!-- Options Onload Tray Check -->
    <include name="skinvariables-powertray-onload">
</include>
    <!-- Search Extended -->
    <include name="skinvariables-searchwidgets-combined">
        <include content="Hub_Combined_Widget">
            <param name="id">502</param>
            <param name="content">$VAR[Path_SearchTerm_SingleEncoded,videodb://movies/titles/?xsp=%7B%22order%22%3A%7B%22direction%22%3A%22ascending%22%2C%22ignorefolders%22%3A0%2C%22method%22%3A%22sorttitle%22%7D%2C%22rules%22%3A%7B%22and%22%3A%5B%7B%22field%22%3A%22title%22%2C%22operator%22%3A%22contains%22%2C%22value%22%3A%5B%22,%22%5D%7D%5D%7D%2C%22type%22%3A%22movies%22%7D]</param>
            <param name="include">List_Poster_Row</param>
            <param name="target">videos</param>
            <param name="sortby"/>
            <param name="sortorder">ascending</param>
            <param name="limit"/>
            <param name="visible">String.IsEqual(Container(601).ListItem.Property(guid),guid-9bbbbe8e)</param>
            <param name="allowhiddenfocus">true</param>
        </include>
        <include content="Hub_Combined_Widget">
            <param name="id">503</param>
            <param name="content">$VAR[Path_SearchTerm_SingleEncoded,videodb://tvshows/titles/?xsp=%7B%22order%22%3A%7B%22direction%22%3A%22ascending%22%2C%22ignorefolders%22%3A0%2C%22method%22%3A%22sorttitle%22%7D%2C%22rules%22%3A%7B%22and%22%3A%5B%7B%22field%22%3A%22title%22%2C%22operator%22%3A%22contains%22%2C%22value%22%3A%5B%22,%22%5D%7D%5D%7D%2C%22type%22%3A%22tvshows%22%7D]</param>
            <param name="include">List_Poster_Row</param>
            <param name="target">videos</param>
            <param name="sortby"/>
            <param name="sortorder">ascending</param>
            <param name="limit"/>
            <param name="visible">String.IsEqual(Container(601).ListItem.Property(guid),guid-7835a785)</param>
            <param name="allowhiddenfocus">true</param>
        </include>
        <include content="Hub_Combined_Widget">
            <param name="id">504</param>
            <param name="content">$VAR[Path_SearchTerm_SingleEncoded,musicdb://albums/?xsp=%7B%22order%22%3A%7B%22direction%22%3A%22ascending%22%2C%22ignorefolders%22%3A0%2C%22method%22%3A%22sorttitle%22%7D%2C%22rules%22%3A%7B%22and%22%3A%5B%7B%22field%22%3A%22album%22%2C%22operator%22%3A%22contains%22%2C%22value%22%3A%5B%22,%22%5D%7D%5D%7D%2C%22type%22%3A%22albums%22%7D]</param>
            <param name="include">List_Square_Row</param>
            <param name="target">music</param>
            <param name="sortby"/>
            <param name="sortorder">ascending</param>
            <param name="limit"/>
            <param name="visible">String.IsEqual(Container(601).ListItem.Property(guid),guid-d7b6b8ef)</param>
            <param name="allowhiddenfocus">true</param>
        </include>
        <include content="Hub_Combined_Widget">
            <param name="id">505</param>
            <param name="content">$VAR[Path_SearchTerm_SingleEncoded,musicdb://artists/?xsp=%7B%22order%22%3A%7B%22direction%22%3A%22ascending%22%2C%22ignorefolders%22%3A0%2C%22method%22%3A%22sorttitle%22%7D%2C%22rules%22%3A%7B%22and%22%3A%5B%7B%22field%22%3A%22artist%22%2C%22operator%22%3A%22contains%22%2C%22value%22%3A%5B%22,%22%5D%7D%5D%7D%2C%22type%22%3A%22artists%22%7D]</param>
            <param name="include">List_Square_Row</param>
            <param name="target">music</param>
            <param name="sortby"/>
            <param name="sortorder">ascending</param>
            <param name="limit"/>
            <param name="visible">String.IsEqual(Container(601).ListItem.Property(guid),guid-c0ee8452)</param>
            <param name="allowhiddenfocus">true</param>
        </include>
        <include content="Hub_Combined_Widget">
            <param name="id">506</param>
            <param name="content">$VAR[Path_SearchTerm_DoubleEncoded,plugin://plugin.video.themoviedb.helper?info=search&amp;tmdb_type=movie&amp;query=,&amp;nextpage=false&amp;cacheonly=true]</param>
            <param name="include">List_Poster_Row</param>
            <param name="target">videos</param>
            <param name="sortby"/>
            <param name="sortorder">ascending</param>
            <param name="limit"/>
            <param name="visible">String.IsEqual(Container(601).ListItem.Property(guid),guid-fc1ff1aa)</param>
            <param name="allowhiddenfocus">true</param>
        </include>
        <include content="Hub_Combined_Widget">
            <param name="id">507</param>
            <param name="content">$VAR[Path_SearchTerm_DoubleEncoded,plugin://plugin.video.themoviedb.helper?info=search&amp;tmdb_type=tv&amp;query=,&amp;nextpage=false&amp;cacheonly=true]</param>
            <param name="include">List_Poster_Row</param>
            <param name="target">videos</param>
            <param name="sortby"/>
            <param name="sortorder">ascending</param>
            <param name="limit"/>
            <param name="visible">String.IsEqual(Container(601).ListItem.Property(guid),guid-359b1220)</param>
            <param name="allowhiddenfocus">true</param>
        </include>
    </include>
    <!-- Search Widgets -->
    <include name="skinvariables-searchwidgets-standard">
        <include content="Hub_Widgets_Grouplist">
            <include content="Widget_Row">
                <param name="id">502</param>
                <param name="groupid">702</param>
                <param name="label">Movies</param>
                <param name="include">List_Poster_Row</param>
                <param name="visible">[String.IsEqual(Container(601).ListItem.Property(guid),guid-9bbbbe8e) | String.IsEmpty(Container(601).ListItem.Property(guid)) | Skin.HasSetting(Search.DisableCombined)]</param>
                <param name="altvisible">[!String.IsEmpty(Control.GetLabel(300).index(1)) + [Control.HasFocus(300) | Control.HasFocus(305)] + System.IdleTime(1) + !System.IdleTime(2)]</param>
                <param name="busy_isupdating">[!String.IsEmpty(Control.GetLabel(300).index(1)) + [Control.HasFocus(300) | Control.HasFocus(305)] + System.IdleTime(1) + !System.IdleTime(2)]</param>
                <param name="busy_visible">[Integer.IsEqual(Container(502).NumItems,0) | Container(502).IsUpdating]</param>
                <param name="widgetfade_include">true</param>
                <param name="widgetconstants_affix">_detailed</param>
                <param name="grouplistid">602</param>
                <param name="refocus">SetFocus(302)</param>
                <onfocus>ClearProperty(HomeSwitcher.IsVisible,Home)</onfocus>
                <onfocus>ClearProperty(InfoPanel.FullSwitch,Home)</onfocus>
                <description/>
                <include content="Widget_NoResults">
                    <param name="id">502</param>
                </include>
                <content sortby="" sortorder="ascending" target="videos" limit="" browse="$VAR[Defs_BrowseLimitedLists]">$VAR[Path_SearchTerm_SingleEncoded,videodb://movies/titles/?xsp=%7B%22order%22%3A%7B%22direction%22%3A%22ascending%22%2C%22ignorefolders%22%3A0%2C%22method%22%3A%22sorttitle%22%7D%2C%22rules%22%3A%7B%22and%22%3A%5B%7B%22field%22%3A%22title%22%2C%22operator%22%3A%22contains%22%2C%22value%22%3A%5B%22,%22%5D%7D%5D%7D%2C%22type%22%3A%22movies%22%7D]</content>
                <include content="Defs_AutoScroll" condition="False">
                    <param name="condition">[!Control.HasFocus(502) | System.IdleTime(3)]</param>
                </include>
            </include>
            <include content="Widget_Row">
                <param name="id">503</param>
                <param name="groupid">703</param>
                <param name="label">TV Shows</param>
                <param name="include">List_Poster_Row</param>
                <param name="visible">[String.IsEqual(Container(601).ListItem.Property(guid),guid-7835a785) | String.IsEmpty(Container(601).ListItem.Property(guid)) | Skin.HasSetting(Search.DisableCombined)]</param>
                <param name="altvisible">[!String.IsEmpty(Control.GetLabel(300).index(1)) + [Control.HasFocus(300) | Control.HasFocus(305)] + System.IdleTime(1) + !System.IdleTime(2)]</param>
                <param name="busy_isupdating">[!String.IsEmpty(Control.GetLabel(300).index(1)) + [Control.HasFocus(300) | Control.HasFocus(305)] + System.IdleTime(1) + !System.IdleTime(2)]</param>
                <param name="busy_visible">[Integer.IsEqual(Container(503).NumItems,0) | Container(503).IsUpdating]</param>
                <param name="widgetfade_include">true</param>
                <param name="widgetconstants_affix">_detailed</param>
                <param name="grouplistid">602</param>
                <param name="refocus">SetFocus(302)</param>
                <onfocus>ClearProperty(HomeSwitcher.IsVisible,Home)</onfocus>
                <onfocus>ClearProperty(InfoPanel.FullSwitch,Home)</onfocus>
                <description/>
                <include content="Widget_NoResults">
                    <param name="id">503</param>
                </include>
                <content sortby="" sortorder="ascending" target="videos" limit="" browse="$VAR[Defs_BrowseLimitedLists]">$VAR[Path_SearchTerm_SingleEncoded,videodb://tvshows/titles/?xsp=%7B%22order%22%3A%7B%22direction%22%3A%22ascending%22%2C%22ignorefolders%22%3A0%2C%22method%22%3A%22sorttitle%22%7D%2C%22rules%22%3A%7B%22and%22%3A%5B%7B%22field%22%3A%22title%22%2C%22operator%22%3A%22contains%22%2C%22value%22%3A%5B%22,%22%5D%7D%5D%7D%2C%22type%22%3A%22tvshows%22%7D]</content>
                <include content="Defs_AutoScroll" condition="False">
                    <param name="condition">[!Control.HasFocus(503) | System.IdleTime(3)]</param>
                </include>
            </include>
            <include content="Widget_Row">
                <param name="id">504</param>
                <param name="groupid">704</param>
                <param name="label">Albums</param>
                <param name="include">List_Square_Row</param>
                <param name="visible">[String.IsEqual(Container(601).ListItem.Property(guid),guid-d7b6b8ef) | String.IsEmpty(Container(601).ListItem.Property(guid)) | Skin.HasSetting(Search.DisableCombined)]</param>
                <param name="altvisible">[!String.IsEmpty(Control.GetLabel(300).index(1)) + [Control.HasFocus(300) | Control.HasFocus(305)] + System.IdleTime(1) + !System.IdleTime(2)]</param>
                <param name="busy_isupdating">[!String.IsEmpty(Control.GetLabel(300).index(1)) + [Control.HasFocus(300) | Control.HasFocus(305)] + System.IdleTime(1) + !System.IdleTime(2)]</param>
                <param name="busy_visible">[Integer.IsEqual(Container(504).NumItems,0) | Container(504).IsUpdating]</param>
                <param name="widgetfade_include">true</param>
                <param name="widgetconstants_affix">_detailed</param>
                <param name="grouplistid">602</param>
                <param name="refocus">SetFocus(302)</param>
                <onfocus>ClearProperty(HomeSwitcher.IsVisible,Home)</onfocus>
                <onfocus>ClearProperty(InfoPanel.FullSwitch,Home)</onfocus>
                <description/>
                <include content="Widget_NoResults">
                    <param name="id">504</param>
                </include>
                <content sortby="" sortorder="ascending" target="music" limit="" browse="$VAR[Defs_BrowseLimitedLists]">$VAR[Path_SearchTerm_SingleEncoded,musicdb://albums/?xsp=%7B%22order%22%3A%7B%22direction%22%3A%22ascending%22%2C%22ignorefolders%22%3A0%2C%22method%22%3A%22sorttitle%22%7D%2C%22rules%22%3A%7B%22and%22%3A%5B%7B%22field%22%3A%22album%22%2C%22operator%22%3A%22contains%22%2C%22value%22%3A%5B%22,%22%5D%7D%5D%7D%2C%22type%22%3A%22albums%22%7D]</content>
                <include content="Defs_AutoScroll" condition="False">
                    <param name="condition">[!Control.HasFocus(504) | System.IdleTime(3)]</param>
                </include>
            </include>
            <include content="Widget_Row">
                <param name="id">505</param>
                <param name="groupid">705</param>
                <param name="label">Artists</param>
                <param name="include">List_Square_Row</param>
                <param name="visible">[String.IsEqual(Container(601).ListItem.Property(guid),guid-c0ee8452) | String.IsEmpty(Container(601).ListItem.Property(guid)) | Skin.HasSetting(Search.DisableCombined)]</param>
                <param name="altvisible">[!String.IsEmpty(Control.GetLabel(300).index(1)) + [Control.HasFocus(300) | Control.HasFocus(305)] + System.IdleTime(1) + !System.IdleTime(2)]</param>
                <param name="busy_isupdating">[!String.IsEmpty(Control.GetLabel(300).index(1)) + [Control.HasFocus(300) | Control.HasFocus(305)] + System.IdleTime(1) + !System.IdleTime(2)]</param>
                <param name="busy_visible">[Integer.IsEqual(Container(505).NumItems,0) | Container(505).IsUpdating]</param>
                <param name="widgetfade_include">true</param>
                <param name="widgetconstants_affix">_detailed</param>
                <param name="grouplistid">602</param>
                <param name="refocus">SetFocus(302)</param>
                <onfocus>ClearProperty(HomeSwitcher.IsVisible,Home)</onfocus>
                <onfocus>ClearProperty(InfoPanel.FullSwitch,Home)</onfocus>
                <description/>
                <include content="Widget_NoResults">
                    <param name="id">505</param>
                </include>
                <content sortby="" sortorder="ascending" target="music" limit="" browse="$VAR[Defs_BrowseLimitedLists]">$VAR[Path_SearchTerm_SingleEncoded,musicdb://artists/?xsp=%7B%22order%22%3A%7B%22direction%22%3A%22ascending%22%2C%22ignorefolders%22%3A0%2C%22method%22%3A%22sorttitle%22%7D%2C%22rules%22%3A%7B%22and%22%3A%5B%7B%22field%22%3A%22artist%22%2C%22operator%22%3A%22contains%22%2C%22value%22%3A%5B%22,%22%5D%7D%5D%7D%2C%22type%22%3A%22artists%22%7D]</content>
                <include content="Defs_AutoScroll" condition="False">
                    <param name="condition">[!Control.HasFocus(505) | System.IdleTime(3)]</param>
                </include>
            </include>
            <include content="Widget_Row">
                <param name="id">506</param>
                <param name="groupid">706</param>
                <param name="label">Movies (TMDb)</param>
                <param name="include">List_Poster_Row</param>
                <param name="visible">[String.IsEqual(Container(601).ListItem.Property(guid),guid-fc1ff1aa) | String.IsEmpty(Container(601).ListItem.Property(guid)) | Skin.HasSetting(Search.DisableCombined)]</param>
                <param name="altvisible">[!String.IsEmpty(Control.GetLabel(300).index(1)) + [Control.HasFocus(300) | Control.HasFocus(305)] + System.IdleTime(1) + !System.IdleTime(2)]</param>
                <param name="busy_isupdating">[!String.IsEmpty(Control.GetLabel(300).index(1)) + [Control.HasFocus(300) | Control.HasFocus(305)] + System.IdleTime(1) + !System.IdleTime(2)]</param>
                <param name="busy_visible">[Integer.IsEqual(Container(506).NumItems,0) | Container(506).IsUpdating]</param>
                <param name="widgetfade_include">true</param>
                <param name="widgetconstants_affix">_detailed</param>
                <param name="grouplistid">602</param>
                <param name="refocus">SetFocus(302)</param>
                <onfocus>ClearProperty(HomeSwitcher.IsVisible,Home)</onfocus>
                <onfocus>ClearProperty(InfoPanel.FullSwitch,Home)</onfocus>
                <description/>
                <include content="Widget_NoResults">
                    <param name="id">506</param>
                </include>
                <content sortby="" sortorder="ascending" target="videos" limit="" browse="$VAR[Defs_BrowseLimitedLists]">$VAR[Path_SearchTerm_DoubleEncoded,plugin://plugin.video.themoviedb.helper?info=search&amp;tmdb_type=movie&amp;query=,&amp;nextpage=false&amp;cacheonly=true]</content>
                <include content="Defs_AutoScroll" condition="False">
                    <param name="condition">[!Control.HasFocus(506) | System.IdleTime(3)]</param>
                </include>
            </include>
            <include content="Widget_Row">
                <param name="id">507</param>
                <param name="groupid">707</param>
                <param name="label">TV Shows (TMDb)</param>
                <param name="include">List_Poster_Row</param>
                <param name="visible">[String.IsEqual(Container(601).ListItem.Property(guid),guid-359b1220) | String.IsEmpty(Container(601).ListItem.Property(guid)) | Skin.HasSetting(Search.DisableCombined)]</param>
                <param name="altvisible">[!String.IsEmpty(Control.GetLabel(300).index(1)) + [Control.HasFocus(300) | Control.HasFocus(305)] + System.IdleTime(1) + !System.IdleTime(2)]</param>
                <param name="busy_isupdating">[!String.IsEmpty(Control.GetLabel(300).index(1)) + [Control.HasFocus(300) | Control.HasFocus(305)] + System.IdleTime(1) + !System.IdleTime(2)]</param>
                <param name="busy_visible">[Integer.IsEqual(Container(507).NumItems,0) | Container(507).IsUpdating]</param>
                <param name="widgetfade_include">true</param>
                <param name="widgetconstants_affix">_detailed</param>
                <param name="grouplistid">602</param>
                <param name="refocus">SetFocus(302)</param>
                <onfocus>ClearProperty(HomeSwitcher.IsVisible,Home)</onfocus>
                <onfocus>ClearProperty(InfoPanel.FullSwitch,Home)</onfocus>
                <description/>
                <include content="Widget_NoResults">
                    <param name="id">507</param>
                </include>
                <content sortby="" sortorder="ascending" target="videos" limit="" browse="$VAR[Defs_BrowseLimitedLists]">$VAR[Path_SearchTerm_DoubleEncoded,plugin://plugin.video.themoviedb.helper?info=search&amp;tmdb_type=tv&amp;query=,&amp;nextpage=false&amp;cacheonly=true]</content>
                <include content="Defs_AutoScroll" condition="False">
                    <param name="condition">[!Control.HasFocus(507) | System.IdleTime(3)]</param>
                </include>
            </include>
        </include>
    </include>
    <!-- Search Selector -->
    <include name="skinvariables-searchwidgets-selector">
        <item>
            <label>Movies</label>
            <icon>special://skin/extras/icons/film.png</icon>
            <property name="guid">guid-9bbbbe8e</property>
            <property name="widget_id">$NUMBER[502]</property>
            <property name="show_artwork">true</property>
            <property name="widget_numitems">$INFO[Container(502).NumItems]</property>
            <visible>!Integer.IsEqual(Container(502).NumItems,0)</visible>
            <visible>!String.IsEmpty(Control.GetLabel(300).index(1))</visible>
        </item>
        <item>
            <label>TV Shows</label>
            <icon>special://skin/extras/icons/tv.png</icon>
            <property name="guid">guid-7835a785</property>
            <property name="widget_id">$NUMBER[503]</property>
            <property name="show_artwork">true</property>
            <property name="widget_numitems">$INFO[Container(503).NumItems]</property>
            <visible>!Integer.IsEqual(Container(503).NumItems,0)</visible>
            <visible>!String.IsEmpty(Control.GetLabel(300).index(1))</visible>
        </item>
        <item>
            <label>Albums</label>
            <icon>special://skin/extras/icons/songs.png</icon>
            <property name="guid">guid-d7b6b8ef</property>
            <property name="widget_id">$NUMBER[504]</property>
            <property name="show_artwork">true</property>
            <property name="widget_numitems">$INFO[Container(504).NumItems]</property>
            <visible>!Integer.IsEqual(Container(504).NumItems,0)</visible>
            <visible>!String.IsEmpty(Control.GetLabel(300).index(1))</visible>
        </item>
        <item>
            <label>Artists</label>
            <icon>special://skin/extras/icons/songs.png</icon>
            <property name="guid">guid-c0ee8452</property>
            <property name="widget_id">$NUMBER[505]</property>
            <property name="show_artwork">true</property>
            <property name="widget_numitems">$INFO[Container(505).NumItems]</property>
            <visible>!Integer.IsEqual(Container(505).NumItems,0)</visible>
            <visible>!String.IsEmpty(Control.GetLabel(300).index(1))</visible>
        </item>
        <item>
            <label>Movies (TMDb)</label>
            <icon>special://skin/extras/icons/film.png</icon>
            <property name="guid">guid-fc1ff1aa</property>
            <property name="widget_id">$NUMBER[506]</property>
            <property name="show_artwork">true</property>
            <property name="widget_numitems">$INFO[Container(506).NumItems]</property>
            <visible>!Integer.IsEqual(Container(506).NumItems,0)</visible>
            <visible>!String.IsEmpty(Control.GetLabel(300).index(1))</visible>
        </item>
        <item>
            <label>TV Shows (TMDb)</label>
            <icon>special://skin/extras/icons/tv.png</icon>
            <property name="guid">guid-359b1220</property>
            <property name="widget_id">$NUMBER[507]</property>
            <property name="show_artwork">true</property>
            <property name="widget_numitems">$INFO[Container(507).NumItems]</property>
            <visible>!Integer.IsEqual(Container(507).NumItems,0)</visible>
            <visible>!String.IsEmpty(Control.GetLabel(300).index(1))</visible>
        </item>
    </include>
    <!-- Search Extended -->
    <include name="skinvariables-searchwidgets-info">
        <include content="Hub_Combined_Info">
            <param name="id">502</param>
        </include>
        <include content="Hub_Combined_Info">
            <param name="id">503</param>
        </include>
        <include content="Hub_Combined_Info">
            <param name="id">504</param>
        </include>
        <include content="Hub_Combined_Info">
            <param name="id">505</param>
        </include>
        <include content="Hub_Combined_Info">
            <param name="id">506</param>
        </include>
        <include content="Hub_Combined_Info">
            <param name="id">507</param>
        </include>
    </include>
</includes>