<addon id="skin.arctic.fuse.3.mod2" name="Arctic Fuse 3 Mod 2" provider-name="jurialmunkey" version="3.1.81">
    <requires>
        <import addon="xbmc.gui" version="5.17.0" />
        <import addon="script.skinvariables" version="2.1.28" />
        <import addon="script.texturemaker" version="0.2.9" />
        <import addon="plugin.video.themoviedb.helper" version="6.14.3" />
        <import addon="resource.images.weathericons.white" version="0.0.1" />
        <import addon="resource.images.studios.coloured" version="0.0.1" />
        <import addon="resource.font.robotocjksc" version="0.0.3" />
    </requires>
    <extension debugging="false" defaultthemename="Textures.xbt" effectslowdown="1" point="xbmc.gui.skin">
        <res aspect="16:9" default="true" folder="1080i" width="1920" height="1080" />
        <res aspect="3:2" default="false" folder="1080i" width="1620" height="1080" />
        <res aspect="4:3" default="false" folder="1080i" width="1440" height="1080" />
        <res aspect="16:10" default="false" folder="1080i" width="1728" height="1080" />
        <res aspect="17:9" default="false" folder="1080i" width="2040" height="1080" />
        <res aspect="21:9" default="false" folder="1080i" width="2520" height="1080" />
        <res aspect="19.5:9" default="false" folder="1080i" width="2340" height="1080" />
        <res aspect="18:9" default="false" folder="1080i" width="2160" height="1080" />
    </extension>
    <extension point="xbmc.addon.metadata">
        <summary lang="en">A minimal row based skin</summary>
        <summary lang="es">Una skin minimalista de diseño horizontal</summary>
        <summary lang="de">Ein minimalistisches, zeilenbasiertes Skin</summary>
        <summary lang="zh">简约行式布局皮肤</summary>
        <description lang="en">Arctic Fuse 3 is a minimal row based skin with customisable widgets</description>
        <description lang="es">Arctic Fuse 3 es una skin minimalista de diseño horizontal con widgets personalizables</description>
        <description lang="de">Arctic Fuse 3 ist ein minimalistisches, zeilenbasiertes Skin mit anpassbaren Widgets</description>
        <description lang="zh">Arctic Fuse 3 是一款采用简约行式布局的 Kodi 皮肤，支持小组件自定义功能</description>
        <platform>all</platform>
        <license>Creative Commons Attribution Non-Commercial Share-Alike 4.0</license>
        <forum />
        <source />
        <assets>
            <icon>icon.png</icon>
            <fanart>fanart.jpg</fanart>
        </assets>
    </extension>
</addon>
