<?xml version="1.0" encoding="UTF-8"?>
<includes>

    <variable name="Home_Name_home">
        <value condition="!String.IsEmpty(Skin.String(HomeSwitcher.Home.Name))">$INFO[Skin.String(HomeSwitcher.Home.Name)]</value>
        <value>$LOCALIZE[10000]</value>
    </variable>
    <variable name="Home_Icon_home">
        <value condition="!String.IsEmpty(Skin.String(HomeSwitcher.Home.Icon))">$INFO[Skin.String(HomeSwitcher.Home.Icon)]</value>
        <value>special://skin/extras/icons/home.png</value>
    </variable>
    <variable name="Home_Name_1101">
        <value condition="!String.IsEmpty(Skin.String(HomeSwitcher.1101.Name))">$INFO[Skin.String(HomeSwitcher.1101.Name)]</value>
        <value>$LOCALIZE[636]</value>
    </variable>
    <variable name="Home_Icon_1101">
        <value condition="!String.IsEmpty(Skin.String(HomeSwitcher.1101.Icon))">$INFO[Skin.String(HomeSwitcher.1101.Icon)]</value>
        <value>special://skin/extras/icons/shapes.png</value>
    </variable>
    <variable name="Home_Name_1102">
        <value condition="!String.IsEmpty(Skin.String(HomeSwitcher.1102.Name))">$INFO[Skin.String(HomeSwitcher.1102.Name)]</value>
        <value>$LOCALIZE[636]</value>
    </variable>
    <variable name="Home_Icon_1102">
        <value condition="!String.IsEmpty(Skin.String(HomeSwitcher.1102.Icon))">$INFO[Skin.String(HomeSwitcher.1102.Icon)]</value>
        <value>special://skin/extras/icons/shapes.png</value>
    </variable>
    <variable name="Home_Name_1103">
        <value condition="!String.IsEmpty(Skin.String(HomeSwitcher.1103.Name))">$INFO[Skin.String(HomeSwitcher.1103.Name)]</value>
        <value>$LOCALIZE[636]</value>
    </variable>
    <variable name="Home_Icon_1103">
        <value condition="!String.IsEmpty(Skin.String(HomeSwitcher.1103.Icon))">$INFO[Skin.String(HomeSwitcher.1103.Icon)]</value>
        <value>special://skin/extras/icons/shapes.png</value>
    </variable>
    <variable name="Home_Name_1104">
        <value condition="!String.IsEmpty(Skin.String(HomeSwitcher.1104.Name))">$INFO[Skin.String(HomeSwitcher.1104.Name)]</value>
        <value>$LOCALIZE[636]</value>
    </variable>
    <variable name="Home_Icon_1104">
        <value condition="!String.IsEmpty(Skin.String(HomeSwitcher.1104.Icon))">$INFO[Skin.String(HomeSwitcher.1104.Icon)]</value>
        <value>special://skin/extras/icons/shapes.png</value>
    </variable>

    <include name="Home_ControlList_Item">
        <property name="enabled">true</property>
        <definition>
            <item>
                <label>$PARAM[label]</label>
                <icon>$PARAM[icon]</icon>
                <property name="action">$PARAM[action]</property>
                <visible>$PARAM[enabled]</visible>
                <visible>$PARAM[mod][$PARAM[visible]]</visible>
            </item>
        </definition>
    </include>

    <include name="Home_ControlList_Item_1105">
        <include content="Home_ControlList_Item">
            <param name="label">Search</param>
            <param name="icon">special://skin/extras/icons/search.png</param>
            <param name="action">ReplaceWindow(1105)</param>
            <param name="enabled">!Skin.HasSetting(HomeSwitcher.DisableSearch)</param>
            <param name="visible">Window.IsVisible(1105)</param>
            <param name="mod">$PARAM[mod]</param>
        </include>
    </include>

    <include name="Home_ControlList_Item_Home">
        <include content="Home_ControlList_Item">
            <param name="label">$VAR[Home_Name_home]</param>
            <param name="icon">$VAR[Home_Icon_home]</param>
            <param name="action">ReplaceWindow(Home)</param>
            <param name="enabled">true</param>
            <param name="visible">Window.IsVisible(1105) | Window.IsVisible(Home)</param>
            <param name="mod">$PARAM[mod]</param>
        </include>
    </include>

    <include name="Home_ControlList_Item_1101">
        <include content="Home_ControlList_Item">
            <param name="label">$VAR[Home_Name_1101]</param>
            <param name="icon">$VAR[Home_Icon_1101]</param>
            <param name="action">ReplaceWindow(1101)</param>
            <param name="enabled">!String.IsEmpty(Skin.String(HomeSwitcher.1101.Toggle))</param>
            <param name="visible">Window.IsVisible(1105) | Window.IsVisible(Home) | Window.IsVisible(1101)</param>
            <param name="mod">$PARAM[mod]</param>
        </include>
    </include>

    <include name="Home_ControlList_Item_1102">
        <include content="Home_ControlList_Item">
            <param name="label">$VAR[Home_Name_1102]</param>
            <param name="icon">$VAR[Home_Icon_1102]</param>
            <param name="action">ReplaceWindow(1102)</param>
            <param name="enabled">!String.IsEmpty(Skin.String(HomeSwitcher.1102.Toggle))</param>
            <param name="visible">Window.IsVisible(1105) | Window.IsVisible(Home) | Window.IsVisible(1101) | Window.IsVisible(1102)</param>
            <param name="mod">$PARAM[mod]</param>
        </include>
    </include>

    <include name="Home_ControlList_Item_1103">
        <include content="Home_ControlList_Item">
            <param name="label">$VAR[Home_Name_1103]</param>
            <param name="icon">$VAR[Home_Icon_1103]</param>
            <param name="action">ReplaceWindow(1103)</param>
            <param name="enabled">!String.IsEmpty(Skin.String(HomeSwitcher.1103.Toggle))</param>
            <param name="visible">Window.IsVisible(1105) | Window.IsVisible(Home) | Window.IsVisible(1101) | Window.IsVisible(1102) | Window.IsVisible(1103)</param>
            <param name="mod">$PARAM[mod]</param>
        </include>
    </include>

    <include name="Home_ControlList_Item_1104">
        <include content="Home_ControlList_Item">
            <param name="label">$VAR[Home_Name_1104]</param>
            <param name="icon">$VAR[Home_Icon_1104]</param>
            <param name="action">ReplaceWindow(1104)</param>
            <param name="enabled">!String.IsEmpty(Skin.String(HomeSwitcher.1104.Toggle))</param>
            <param name="visible">Window.IsVisible(1105) | Window.IsVisible(Home) | Window.IsVisible(1101) | Window.IsVisible(1102) | Window.IsVisible(1103) | Window.IsVisible(1104)</param>
            <param name="mod">$PARAM[mod]</param>
        </include>
    </include>

    <include name="Home_ControlList_Item_1106">
        <include content="Home_ControlList_Item">
            <param name="label">Next Aired</param>
            <param name="icon">$VAR[Home_Icon_1106]</param>
            <param name="action">ReplaceWindow(1106)</param>
            <param name="enabled">!String.IsEmpty(Skin.String(HomeSwitcher.1106.Toggle))</param>
            <param name="visible">Window.IsVisible(1105) | Window.IsVisible(Home) | Window.IsVisible(1101) | Window.IsVisible(1102) | Window.IsVisible(1103) | Window.IsVisible(1104) | Window.IsVisible(1106)</param>
            <param name="mod">$PARAM[mod]</param>
        </include>
    </include>

    <include name="Home_ControlList_Item_1107">
        <include content="Home_ControlList_Item">
            <param name="label">PVR</param>
            <param name="icon">$VAR[Home_Icon_1107]</param>
            <param name="action">ReplaceWindow(1107)</param>
            <param name="enabled">!String.IsEmpty(Skin.String(HomeSwitcher.1107.Toggle)) + System.HasPVRAddon + PVR.HasTVChannels</param>
            <param name="visible">Window.IsVisible(1105) | Window.IsVisible(Home) | Window.IsVisible(1101) | Window.IsVisible(1102) | Window.IsVisible(1103) | Window.IsVisible(1104) | Window.IsVisible(1106) | Window.IsVisible(1107)</param>
            <param name="mod">$PARAM[mod]</param>
        </include>
    </include>

    <include name="Home_ControlList_Item_1108">
        <include content="Home_ControlList_Item">
            <param name="label">Addons</param>
            <param name="icon">$VAR[Home_Icon_1108]</param>
            <param name="action">ReplaceWindow(1108)</param>
            <param name="enabled">!String.IsEmpty(Skin.String(HomeSwitcher.1108.Toggle))</param>
            <param name="visible">Window.IsVisible(1105) | Window.IsVisible(Home) | Window.IsVisible(1101) | Window.IsVisible(1102) | Window.IsVisible(1103) | Window.IsVisible(1104) | Window.IsVisible(1106) | Window.IsVisible(1107) | Window.IsVisible(1108)</param>
            <param name="mod">$PARAM[mod]</param>
        </include>
    </include>

    <include name="Home_ControlList_Items">
        <definition>
            <include content="Home_ControlList_Item_1105">
                <param name="mod">$PARAM[mod]</param>
            </include>
            <include content="Home_ControlList_Item_Home">
                <param name="mod">$PARAM[mod]</param>
            </include>
            <include content="Home_ControlList_Item_1101">
                <param name="mod">$PARAM[mod]</param>
            </include>
            <include content="Home_ControlList_Item_1102">
                <param name="mod">$PARAM[mod]</param>
            </include>
            <include content="Home_ControlList_Item_1103">
                <param name="mod">$PARAM[mod]</param>
            </include>
            <include content="Home_ControlList_Item_1104">
                <param name="mod">$PARAM[mod]</param>
            </include>
            <include content="Home_ControlList_Item_1106">
                <param name="mod">$PARAM[mod]</param>
            </include>
            <include content="Home_ControlList_Item_1107">
                <param name="mod">$PARAM[mod]</param>
            </include>
            <include content="Home_ControlList_Item_1108">
                <param name="mod">$PARAM[mod]</param>
            </include>
        </definition>
    </include>

    <include name="Home_ControlList">
        <control type="list" id="399">
            <top>-2000</top>
            <height>10</height>
            <orientation>horizontal</orientation>
            <itemlayout width="1" />
            <focusedlayout width="1" />
            <content>
                <include content="Home_ControlList_Items">
                    <param name="mod" />
                </include>

                <item>
                    <property name="action">ActivateWindow(1170)</property>
                    <visible>!Skin.HasSetting(HomeSwitcher.LoopBack)</visible>
                </item>
                <item>
                    <property name="action">noop</property>
                    <visible>!Skin.HasSetting(HomeSwitcher.LoopBack)</visible>
                </item>

                <include content="Home_ControlList_Items">
                    <param name="mod">!</param>
                </include>
            </content>
        </control>
    </include>

    <include name="Home_Control">
        <param name="onclick_condition">true</param>
        <definition>
            <include>Home_ControlList</include>
            <control type="button" id="300">
                <top>-1000</top>
                <height>10</height>
                <texturenofocus />
                <texturefocus />

                <onleft>$INFO[Container(399).ListItem(-1).Property(action)]</onleft>
                <onright>$INFO[Container(399).ListItem(1).Property(action)]</onright>

                <onfocus>SetProperty(HomeSwitcher.IsVisible,True,Home)</onfocus>
                <onfocus condition="$PARAM[overlay]">SetProperty(InfoPanel.FullSwitch,Wall,Home)</onfocus>
                <onfocus condition="![$PARAM[overlay]]">ClearProperty(InfoPanel.FullSwitch,Home)</onfocus>
                <onfocus condition="$PARAM[overlay]">SetProperty(Background.ShowOverlay,True,Home)</onfocus>
                <onfocus condition="![$PARAM[overlay]]">ClearProperty(Background.ShowOverlay,Home)</onfocus>
                <onclick condition="$PARAM[onclick_condition] + !String.IsEmpty(Skin.String(HomeSwitcher.$PARAM[window].Shortcut.Target))">ActivateWindow($INFO[Skin.String(HomeSwitcher.$PARAM[window].Shortcut.Target)],$INFO[Skin.String(HomeSwitcher.$PARAM[window].Shortcut.Path)],return)</onclick>
                <onclick condition="$PARAM[onclick_condition] + String.IsEmpty(Skin.String(HomeSwitcher.$PARAM[window].Shortcut.Target))">$INFO[Skin.String(HomeSwitcher.$PARAM[window].Shortcut.Path)]</onclick>
                <onclick condition="Window.IsVisible(1108)">ActivateWindow(addonbrowser)</onclick>
                <onclick condition="Window.IsVisible(1107)">ActivateWindow(tvchannels)</onclick>
                <nested />
            </control>
            <control type="button">
                <height>200</height>
                <texturenofocus />
                <texturefocus />
                <onfocus>SetProperty(HomeSwitcher.IsVisible,True,Home)</onfocus>
                <onfocus condition="$PARAM[overlay]">SetProperty(InfoPanel.FullSwitch,Wall,Home)</onfocus>
                <onfocus condition="![$PARAM[overlay]]">ClearProperty(InfoPanel.FullSwitch,Home)</onfocus>
                <onfocus condition="$PARAM[overlay]">SetProperty(Background.ShowOverlay,True,Home)</onfocus>
                <onfocus condition="![$PARAM[overlay]]">ClearProperty(Background.ShowOverlay,Home)</onfocus>
                <onfocus>ActivateWindow(1183)</onfocus>
            </control>
            <control type="image">
                <include>Home_Fade_Animation</include>
                <visible>!String.IsEmpty(Window(Home).Property(HomeSwitcher.IsVisible))</visible>
                <texture colordiffuse="main_bg_70">background/combined_topmenu.png</texture>
                <bottom>0</bottom>
            </control>
        </definition>
    </include>

    <include name="Home_Animation">
        <!-- <animation effect="slide" start="0,-200" end="0" time="400" delay="100" tween="cubic" easing="out">Visible</animation>
        <animation effect="slide" end="0,-200" start="0" time="400" tween="cubic" easing="out">Hidden</animation> -->
        <animation effect="fade" start="0" end="100" time="400" delay="200" tween="cubic" easing="out">Visible</animation>
        <animation effect="fade" end="0" start="100" time="200" tween="cubic" easing="out">Hidden</animation>
    </include>
    <include name="Home_Fade_Animation">
        <animation effect="fade" start="0" end="100" time="400" tween="cubic" easing="out">Visible</animation>
        <animation effect="fade" end="0" start="100" time="200" tween="cubic" easing="out">Hidden</animation>
    </include>
    <include name="Home_Slide_Animation">
        <animation effect="slide" start="0,-200" end="0" time="400" tween="cubic" easing="out" reversible="false" condition="!String.IsEmpty(Window(Home).Property(HomeSwitcher.IsVisible))">Conditional</animation>
        <animation effect="slide" end="0,-200" start="0" delay="100" time="400" tween="cubic" easing="out" reversible="false" condition="String.IsEmpty(Window(Home).Property(HomeSwitcher.IsVisible))">Conditional</animation>
    </include>
    <include name="Home_Info_Animation">
        <animation effect="fade" start="0" end="100" time="400" delay="200" tween="cubic" easing="in">Visible</animation>
        <!-- <animation effect="fade" end="0" start="100" time="200" tween="cubic" easing="in">Hidden</animation> -->
    </include>

    <variable name="Home_Header_Label">
        <value condition="Skin.HasSetting(HomeSwitcher.DisableDate)">$VAR[Label_ProfileName]</value>
        <value>$INFO[System.Date]</value>
    </variable>
    <include name="Home_Switcher">
        <include content="Part_Dim_Overlay">
            <param name="visible">Window.IsActive(1181)</param>
        </include>
        <control type="group">
            <animation effect="slide" start="0" end="0,-70" condition="Skin.HasSetting(HomeSwitcher.DisableHeader)">Conditional</animation>
            <visible>!String.IsEmpty(Window(Home).Property(HomeSwitcher.IsVisible))</visible>
            <include>Home_Animation</include>
            <include content="Furniture_Header" condition="!Skin.HasSetting(HomeSwitcher.DisableHeader)">
                <param name="label">$VAR[Home_Header_Label]</param>
            </include>
            <control type="group">
                <include>Home_Group_Definition</include>
                <control type="group">
                    <include content="Home_Switcher_Layout" condition="Skin.HasSetting(HomeSwitcher.EnableIcons)">
                        <param name="include_control">Home_Grouplist_Icon</param>
                    </include>
                    <include content="Home_Switcher_Layout" condition="!Skin.HasSetting(HomeSwitcher.EnableIcons)">
                        <param name="include_control">Home_Grouplist_Name</param>
                    </include>
                </control>

                <include>Home_Switcher_Right_Buttons</include>
            </control>
        </control>
    </include>

    <variable name="Home_Switcher_Right_Buttons_Calendar">
        <value condition="Skin.String(HomeSwitcher.1106.UpNextMode,trakt_calendar)">special://skin/extras/icons/trakt.png</value>
        <value>special://skin/extras/icons/calendar.png</value>
    </variable>

    <include name="Home_Switcher_Right_Buttons">
        <control type="grouplist">
            <include content="Object_Right" condition="Skin.HasSetting(HomeSwitcher.DisableSearch)">
                <param name="right">-40</param>
            </include>
            <right>-30</right>
            <align>right</align>
            <height>80</height>
            <width>400</width>
            <centertop>50%</centertop>
            <orientation>horizontal</orientation>
            <itemgap>20</itemgap>
            <include content="Home_Settings_Button" condition="!String.IsEmpty(Skin.String(HomeSwitcher.1106.Toggle))">
                <param name="icon">$VAR[Home_Switcher_Right_Buttons_Calendar]</param>
                <param name="window">1106</param>
                <param name="id">3106</param>
            </include>
            <include content="Home_Settings_Button" condition="!String.IsEmpty(Skin.String(HomeSwitcher.1107.Toggle))">
                <param name="icon">special://skin/extras/icons/livetv.png</param>
                <param name="window">1107</param>
                <param name="id">3107</param>
                <param name="visible">System.HasPVRAddon + PVR.HasTVChannels</param>
            </include>
            <include content="Home_Settings_Button" condition="!String.IsEmpty(Skin.String(HomeSwitcher.1108.Toggle))">
                <param name="icon">special://skin/extras/icons/addon.png</param>
                <param name="window">1108</param>
                <param name="id">3108</param>
            </include>
            <include condition="!Skin.HasSetting(HomeSwitcher.LoopBack)">Home_Settings_Button</include>
            <control type="group">
                <width>0</width>
            </control>
        </control>
    </include>

    <include name="Home_Switcher_Layout">
        <param name="include_control">Home_Grouplist_Name</param>
        <definition>
            <control type="grouplist">
                <include content="Object_Left" condition="Skin.HasSetting(HomeSwitcher.DisableSearch) + !Skin.HasSetting(HomeSwitcher.EnableIcons)">
                    <param name="left">-30</param>
                </include>
                <include>Home_Grouplist_Definition</include>
                <include content="Home_Grouplist_Icon" condition="!Skin.HasSetting(HomeSwitcher.DisableSearch)">
                    <param name="id">3105</param>
                    <param name="icon">special://skin/extras/icons/search.png</param>
                    <param name="window">1105</param>
                </include>
                <include content="$PARAM[include_control]">
                    <param name="name">$VAR[Home_Name_home]</param>
                    <param name="icon">$VAR[Home_Icon_home]</param>
                    <param name="window">Home</param>
                    <param name="id">3100</param>
                </include>
                <include content="$PARAM[include_control]" condition="!String.IsEmpty(Skin.String(HomeSwitcher.1101.Toggle))">
                    <param name="name">$VAR[Home_Name_1101]</param>
                    <param name="icon">$VAR[Home_Icon_1101]</param>
                    <param name="window">1101</param>
                    <param name="id">3101</param>
                </include>
                <include content="$PARAM[include_control]" condition="!String.IsEmpty(Skin.String(HomeSwitcher.1102.Toggle))">
                    <param name="name">$VAR[Home_Name_1102]</param>
                    <param name="icon">$VAR[Home_Icon_1102]</param>
                    <param name="window">1102</param>
                    <param name="id">3102</param>
                </include>
                <include content="$PARAM[include_control]" condition="!String.IsEmpty(Skin.String(HomeSwitcher.1103.Toggle))">
                    <param name="name">$VAR[Home_Name_1103]</param>
                    <param name="icon">$VAR[Home_Icon_1103]</param>
                    <param name="window">1103</param>
                    <param name="id">3103</param>
                </include>
                <include content="$PARAM[include_control]" condition="!String.IsEmpty(Skin.String(HomeSwitcher.1104.Toggle))">
                    <param name="name">$VAR[Home_Name_1104]</param>
                    <param name="icon">$VAR[Home_Icon_1104]</param>
                    <param name="window">1104</param>
                    <param name="id">3104</param>
                </include>
            </control>
        </definition>
    </include>

    <include name="Home_Settings_Button">
        <param name="icon">special://skin/extras/icons/settings.png</param>
        <param name="window">1170</param>
        <param name="id">3170</param>
        <param name="visible">true</param>
        <definition>
            <control type="group">
                <width>80</width>
                <height>80</height>
                <visible>$PARAM[visible]</visible>
                <include content="Home_Grouplist_Icon">
                    <param name="id">$PARAM[id]</param>
                    <param name="icon">$PARAM[icon]</param>
                    <param name="window">$PARAM[window]</param>
                </include>
            </control>
        </definition>
    </include>

    <include name="Home_Submenu">
        <definition>
            <control type="group">
                <animation effect="slide" start="0" end="0,-70" condition="Skin.HasSetting(HomeSwitcher.DisableHeader)">Conditional</animation>
                <include content="Object_Left" condition="Skin.HasSetting(HomeSwitcher.DisableSearch) + !Skin.HasSetting(HomeSwitcher.EnableIcons)">
                    <param name="left">-10</param>
                </include>
                <include content="Object_Left" condition="Skin.HasSetting(HomeSwitcher.DisableSearch) + Skin.HasSetting(HomeSwitcher.EnableIcons)">
                    <param name="left">-20</param>
                </include>
                <include>Home_Group_Definition</include>
                <control type="grouplist">
                    <top>-100</top>
                    <include content="Object_Left" condition="Skin.HasSetting(HomeSwitcher.EnableIcons)">
                        <param name="left">-10</param>
                    </include>
                    <left>-20</left>
                    <orientation>horizontal</orientation>
                    <height>1080</height>
                    <include content="Home_Grouplist_Name_Spacer">
                        <param name="name">$VAR[Home_Name_home]</param>
                        <param name="icon">$VAR[Home_Icon_home]</param>
                        <param name="visible">!Window.IsVisible(home)</param>
                    </include>
                    <include content="Home_Grouplist_Name_Spacer" condition="!String.IsEmpty(Skin.String(HomeSwitcher.1101.Toggle))">
                        <param name="name">$VAR[Home_Name_1101]</param>
                        <param name="icon">$VAR[Home_Icon_1101]</param>
                        <param name="visible">!Window.IsVisible(home) + !Window.IsVisible(1101)</param>
                    </include>
                    <include content="Home_Grouplist_Name_Spacer" condition="!String.IsEmpty(Skin.String(HomeSwitcher.1102.Toggle))">
                        <param name="name">$VAR[Home_Name_1102]</param>
                        <param name="icon">$VAR[Home_Icon_1102]</param>
                        <param name="visible">!Window.IsVisible(home) + !Window.IsVisible(1101) + !Window.IsVisible(1102)</param>
                    </include>
                    <include content="Home_Grouplist_Name_Spacer" condition="!String.IsEmpty(Skin.String(HomeSwitcher.1103.Toggle))">
                        <param name="name">$VAR[Home_Name_1103]</param>
                        <param name="icon">$VAR[Home_Icon_1103]</param>
                        <param name="visible">!Window.IsVisible(home) + !Window.IsVisible(1101) + !Window.IsVisible(1102) + !Window.IsVisible(1103)</param>
                    </include>
                    <include content="Home_Grouplist_Name_Spacer" condition="!String.IsEmpty(Skin.String(HomeSwitcher.1104.Toggle))">
                        <param name="name">$VAR[Home_Name_1104]</param>
                        <param name="icon">$VAR[Home_Icon_1104]</param>
                        <param name="visible">!Window.IsVisible(home) + !Window.IsVisible(1101) + !Window.IsVisible(1102) + !Window.IsVisible(1103) + !Window.IsVisible(1104)</param>
                    </include>
                    <control type="group">
                        <include content="Object_Left" condition="Skin.HasSetting(HomeSwitcher.DisableSearch)">
                            <param name="left">20</param>
                        </include>
                        <left>0</left>
                        <top>100</top>
                        <width>560</width>
                        <height>880</height>
                        <control type="group">
                            <include>Animation_SlideIn_Dialog</include>
                            <control type="group">
                                <include>Part_Background_Panel</include>
                                <visible>Integer.IsGreater(Container(8000).NumItems,8)</visible>
                            </control>
                            <control type="group">
                                <include>Part_Background_Panel</include>
                                <visible>Integer.IsEqual(Container(8000).NumItems,8)</visible>
                                <bottom>80</bottom>
                            </control>
                            <control type="group">
                                <include>Part_Background_Panel</include>
                                <visible>Integer.IsEqual(Container(8000).NumItems,7)</visible>
                                <bottom>160</bottom>
                            </control>
                            <control type="group">
                                <include>Part_Background_Panel</include>
                                <visible>Integer.IsEqual(Container(8000).NumItems,6)</visible>
                                <bottom>240</bottom>
                            </control>
                            <control type="group">
                                <include>Part_Background_Panel</include>
                                <visible>Integer.IsEqual(Container(8000).NumItems,5)</visible>
                                <bottom>320</bottom>
                            </control>
                            <control type="group">
                                <include>Part_Background_Panel</include>
                                <visible>Integer.IsEqual(Container(8000).NumItems,4)</visible>
                                <bottom>400</bottom>
                            </control>
                            <control type="group">
                                <include>Part_Background_Panel</include>
                                <visible>Integer.IsEqual(Container(8000).NumItems,3)</visible>
                                <bottom>480</bottom>
                            </control>
                            <control type="group">
                                <include>Part_Background_Panel</include>
                                <visible>Integer.IsEqual(Container(8000).NumItems,2)</visible>
                                <bottom>560</bottom>
                            </control>
                            <control type="group">
                                <include>Part_Background_Panel</include>
                                <visible>Integer.IsEqual(Container(8000).NumItems,1)</visible>
                                <bottom>640</bottom>
                            </control>
                            <include content="List_DialogSelect">
                                <param name="id">8000</param>
                                <param name="itemlayout_include">Layout_MenuList</param>
                                <top>100</top>
                                <bottom>60</bottom>
                                <left>60</left>
                                <right>60</right>
                                <oninfo>PreviousMenu</oninfo>
                                <ondown>noop</ondown>
                                <onleft>PreviousMenu</onleft>
                                <onright>61</onright>
                                <onup>PreviousMenu</onup>
                                <orientation>vertical</orientation>
                                <pagecontrol>61</pagecontrol>
                                <content>
                                    <include>skinvariables-$PARAM[window]submenu-staticitems</include>
                                </content>
                            </include>
                            <include content="Part_Scrollbar">
                                <centerright>40</centerright>
                                <top>60</top>
                                <bottom>60</bottom>
                                <onleft>8000</onleft>
                                <onright>PreviousMenu</onright>
                            </include>
                        </control>
                    </control>
                    <control type="group">
                        <include content="Object_Left" condition="Skin.HasSetting(HomeSwitcher.DisableSearch)">
                            <param name="left">-500</param>
                        </include>
                        <left>-480</left>
                        <height>80</height>
                        <top>100</top>
                        <include>Home_Grouplist_Name_Faker</include>
                        <animation effect="fade" start="0" end="100" time="150">WindowOpen</animation>
                    </control>
                </control>
            </control>
        </definition>
    </include>

    <variable name="Home_Name_Current">
        <value condition="Window.IsVisible(Home)">$VAR[Home_Name_home]</value>
        <value condition="Window.IsVisible(1101)">$VAR[Home_Name_1101]</value>
        <value condition="Window.IsVisible(1102)">$VAR[Home_Name_1102]</value>
        <value condition="Window.IsVisible(1103)">$VAR[Home_Name_1103]</value>
        <value condition="Window.IsVisible(1104)">$VAR[Home_Name_1104]</value>
    </variable>

    <variable name="Home_Icon_Current">
        <value condition="Window.IsVisible(Home)">$VAR[Home_Icon_home]</value>
        <value condition="Window.IsVisible(1101)">$VAR[Home_Icon_1101]</value>
        <value condition="Window.IsVisible(1102)">$VAR[Home_Icon_1102]</value>
        <value condition="Window.IsVisible(1103)">$VAR[Home_Icon_1103]</value>
        <value condition="Window.IsVisible(1104)">$VAR[Home_Icon_1104]</value>
    </variable>

    <include name="Home_Grouplist_Name_Faker">
        <param name="use_icons">Skin.HasSetting(HomeSwitcher.EnableIcons)</param>
        <definition>
            <control type="group">
                <height>80</height>
                <centertop>50%</centertop>
                <control type="button">
                    <font>font_main_bold</font>
                    <textcolor>$VAR[ColorSelected]</textcolor>
                    <focusedcolor>$VAR[ColorSelected]</focusedcolor>
                    <label>$VAR[Home_Name_Current]</label>
                    <width>auto</width>
                    <include>Texture_Highlight_Button_FakeFocus_H</include>
                    <visible>![$PARAM[use_icons]]</visible>
                </control>
                <control type="group">
                    <left>10</left>
                    <width>80</width>
                    <visible>$PARAM[use_icons]</visible>
                    <control type="image">
                        <include>Texture_Menu_Highlight_H</include>
                    </control>
                    <control type="image">
                        <include>Home_Grouplist_Icon_Definition</include>
                        <texture background="true" colordiffuse="$VAR[ColorSelected]">$VAR[Home_Icon_Current]</texture>
                    </control>
                </control>
            </control>
        </definition>
    </include>

    <include name="Home_Group_Definition">
        <left>view_pad</left>
        <right>view_pad</right>
        <centertop>170</centertop>
        <height>80</height>
    </include>

    <include name="Home_Grouplist_Definition">
        <left>-20</left>
        <height>160</height>
        <centertop>50%</centertop>
        <orientation>horizontal</orientation>
        <include content="Object_ItemGap" condition="Skin.HasSetting(HomeSwitcher.EnableIcons)">
            <param name="itemgap">20</param>
        </include>
        <itemgap>0</itemgap>
    </include>

    <include name="Home_Grouplist_Icon">
        <definition>
            <control type="group">
                <width>80</width>
                <height>80</height>
                <centertop>50%</centertop>
                <control type="button" id="$PARAM[id]">
                    <onclick>Dialog.Close(1183,true)</onclick>
                    <onclick>ReplaceWindow($PARAM[window])</onclick>
                    <texturenofocus />
                </control>
                <control type="group">
                    <visible>![Window.IsVisible($PARAM[window]) + Integer.IsEqual(System.CurrentControlID,300)]</visible>
                    <control type="image">
                        <include>Home_Grouplist_Icon_Definition</include>
                        <texture background="true" colordiffuse="main_fg_30">$PARAM[icon]</texture>
                        <visible>!Control.HasFocus($PARAM[id])</visible>
                    </control>
                    <control type="image">
                        <include>Home_Grouplist_Icon_Definition</include>
                        <texture background="true" colordiffuse="$VAR[ColorSelected]">$PARAM[icon]</texture>
                        <visible>Control.HasFocus($PARAM[id])</visible>
                    </control>
                </control>
                <control type="group">
                    <visible>Window.IsVisible($PARAM[window]) + Integer.IsEqual(System.CurrentControlID,300)</visible>
                    <control type="image">
                        <include>Texture_Menu_Highlight_H</include>
                    </control>
                    <control type="image">
                        <include>Home_Grouplist_Icon_Definition</include>
                        <texture background="true" colordiffuse="$VAR[ColorSelected]">$PARAM[icon]</texture>
                    </control>
                </control>
            </control>
        </definition>
    </include>

    <include name="Home_Grouplist_Name">
        <definition>
            <control type="togglebutton">
                <font>font_main_bold</font>
                <textcolor>main_fg_30</textcolor>
                <focusedcolor>$VAR[ColorSelected]</focusedcolor>
                <label>$PARAM[name]</label>
                <altlabel>[COLOR=$VAR[ColorSelected]]$PARAM[name][/COLOR]</altlabel>
                <height>80</height>
                <width>auto</width>
                <centertop>50%</centertop>
                <onclick>Dialog.Close(1183,true)</onclick>
                <onclick>ReplaceWindow($PARAM[window])</onclick>
                <include>Texture_Highlight_ToggleButton_FakeFocus_H</include>
                <usealttexture>Window.IsVisible($PARAM[window]) + Integer.IsEqual(System.CurrentControlID,300)</usealttexture>
            </control>
        </definition>
    </include>
    <include name="Home_Grouplist_Name_Spacer">
        <param name="use_icons">Skin.HasSetting(HomeSwitcher.EnableIcons)</param>
        <definition>
            <control type="button">
                <font>font_main_bold</font>
                <textcolor>00ffffff</textcolor>
                <focusedcolor>00ffffff</focusedcolor>
                <label>$PARAM[name]</label>
                <height>80</height>
                <include content="Object_Width" condition="$PARAM[use_icons]">
                    <param name="width">100</param>
                </include>
                <width>auto</width>
                <centertop>50%</centertop>
                <texturenofocus />
                <texturefocus />
                <visible>$PARAM[visible]</visible>
            </control>
        </definition>
    </include>


    <include name="Home_Grouplist_Icon_Definition">
        <centerleft>50%</centerleft>
        <centertop>50%</centertop>
        <width>40</width>
        <height>40</height>
        <bordersize>icon_home_bordersize</bordersize>
    </include>
</includes>
