{
    "values": {
        "301Updating": [
            {
                "rules": [
                    "Container(301).IsUpdating",
                    "[Integer.IsEqual(Container(301).NumItems,0) | [Integer.IsEqual(Container(301).NumItems,1) + String.IsEqual(Container(301).ListItemAbsolute(0).Label,$LOCALIZE[31046])]]"
                ],
                "value": "True"
            },
            ""
        ],
        "501Updating": [
            {
                "rules": [
                    "Container(501).IsUpdating",
                    "[Integer.IsEqual(Container(501).NumItems,0) | [Integer.IsEqual(Container(501).NumItems,1) + String.IsEqual(Container(501).ListItemAbsolute(0).Label,$LOCALIZE[31046])]]"
                ],
                "value": "True"
            },
            ""
        ]
    },
    "actions": [
        {
            "rules": [
                "String.IsEmpty(Window(1198).Property(HasPreloadedHubs))",
                "Skin.HasSetting(Startup.EnableHubPreloading)",
                "!Skin.HasSetting(Startup.DisableWaitForLoad)"
            ],
            "value": [
                "SetProperty(InitStatus,Preloading Hubs,1198)",
                "SetProperty(SplashIsVisible,True,1198)",
                "SetProperty(HasPreloadedHubs,True,1198)",
                "ActivateWindow(1108)",
                "sleep=0.3",
                "ActivateWindow(1107)",
                "sleep=0.3",
                "ActivateWindow(1106)",
                "sleep=0.3",
                "ActivateWindow(1104)",
                "sleep=0.3",
                "ActivateWindow(1103)",
                "sleep=0.3",
                "ActivateWindow(1102)",
                "sleep=0.3",
                "ActivateWindow(1101)",
                "sleep=0.3",
                "ActivateWindow(Home)"
            ]
        },
        {
            "rules": [
                "!Skin.HasSetting(Startup.DisableWaitForLoad)",
                "{301Updating}!=||{501Updating}!=",
                "System.HasAlarm(SplashTimeOut)"
            ],
            "value": [
                "SetProperty(SplashIsVisible,True,1198)",
                "SetProperty(InitStatus,Loading Widgets,1198)",
                "sleep=0.5",
                "route=run_executebuiltin=special://skin/shortcuts/skinvariables-splash.json&use_rules=True"
            ]
        },
        "sleep=0.5",
        "ClearProperty(SplashIsVisible,1198)",
        "CancelAlarm(SplashTimeOut,silent)"
    ]
}