<?xml version="1.0" encoding="UTF-8"?>
<includes>

    <include name="DialogShortcuts">

        <include content="Object_Hidden_Button">
            <param name="id">29999</param>

            <onfocus condition="String.IsEmpty(Window(Home).Property(Shortcuts.EditMenu.Previous))">PreviousMenu</onfocus>
            <onfocus condition="!String.IsEmpty(Window(Home).Property(Shortcuts.EditMenu.Previous))">SetFocus(22001)</onfocus>

            <onfocus>SetProperty(Shortcuts.EditMenu,$INFO[Window(Home).Property(Shortcuts.EditMenu.Previous)],Home)</onfocus>
            <onfocus>SetProperty(Shortcuts.EditMode,$INFO[Window(Home).Property(Shortcuts.EditMode.Previous)],Home)</onfocus>
            <onfocus>SetProperty(Shortcuts.EditGUID,$INFO[Window(Home).Property(Shortcuts.EditGUID.Previous)],Home)</onfocus>

            <onfocus>ClearProperty(Shortcuts.EditMenu.Previous,Home)</onfocus>
            <onfocus>ClearProperty(Shortcuts.EditMode.Previous,Home)</onfocus>
            <onfocus>ClearProperty(Shortcuts.EditGUID.Previous,Home)</onfocus>
        </include>

        <include>Part_Dim_Overlay</include>

        <include content="Furniture_Busy">
            <param name="hasspinner">true</param>
            <param name="spinspinner">true</param>
            <param name="icon">special://skin/extras/icons/kodi.png</param>
            <param name="haslabel">false</param>
            <param name="spinnervisible">[!Window.IsActive(DialogVolumeBar.xml) | Player.Muted]</param>
            <param name="visible_delay">400</param>
            <param name="windowopen_condition">False</param>
            <param name="visible">Container(22001).IsUpdating</param>
        </include>

        <control type="group">
            <include>Animation_BounceIn_Dialog</include>
            <include>Dimension_DialogFullMenu</include>
            <include content="Part_Background_Panel">
                <param name="dialog_size">Dimension_DialogFullMenu</param>
            </include>
            <!-- Content -->
            <control type="group" id="8000">
                <include>Size_Dialog_Pad</include>
                <control type="group">
                    <right>480</right>
                    <control type="group">
                        <include>Size_Group_Head</include>
                        <include content="Part_HeadText">
                            <param name="id">9901</param>
                            <param name="label">$VAR[Label_Shortcut_TopHeader]</param>
                        </include>
                        <include content="Part_ItemLine">
                            <param name="visible">Control.IsVisible(22001)</param>
                            <param name="label">$INFO[Container(22001).NumItems,, $LOCALIZE[31022]]$INFO[Window(Home).Property(Shortcuts.EditMenu),  •  ,]$INFO[Window(Home).Property(Shortcuts.EditMode), — ,]$INFO[Window(Home).Property(Shortcuts.EditGUID), — ,]</param>
                        </include>
                        <include>Part_CloseButton</include>
                    </control>
                    <control type="group">
                        <include>Size_Group_Body</include>
                        <include>DialogShortcuts_ShortcutList</include>
                    </control>

                    <control type="group">
                        <include content="Part_Scrollbar">
                            <param name="id">61</param>
                            <onleft>22001</onleft>
                            <onright>7000</onright>
                            <bottom>100</bottom>
                        </include>
                    </control>
                </control>

                <!-- Right -->
                <control type="group">
                    <width>480</width>
                    <right>0</right>
                    <include>Part_Panel</include>
                    <control type="group">
                        <include>Size_Group_Head</include>
                        <include content="Part_HeadText">
                            <param name="id">9902</param>
                            <param name="label">$LOCALIZE[33063]</param>
                        </include>
                        <include content="Part_ItemPage">
                            <param name="id">7000</param>
                            <param name="items_label">$LOCALIZE[33063]</param>
                        </include>
                    </control>
                    <control type="group">
                        <include>Size_Group_Body</include>
                        <control type="grouplist" id="7000">
                            <onleft>61</onleft>
                            <onright>62</onright>
                            <pagecontrol>62</pagecontrol>
                            <orientation>vertical</orientation>
                            <include>Size_Grouplist_Pad</include>
                            <include>DialogShortcuts_Items</include>
                        </control>
                    </control>
                    <include content="Part_Scrollbar">
                        <param name="id">62</param>
                        <onleft>7000</onleft>
                    </include>
                </control>
            </control>
        </control>
    </include>

    <include name="DialogShortcuts_ShortcutList">
        <control type="group">
            <include>Size_Grouplist_Pad</include>
            <control type="list" id="22001">
                <orientation>vertical</orientation>
                <preloaditems>2</preloaditems>
                <pagecontrol>61</pagecontrol>
                <scrolltime tween="quadratic">400</scrolltime>
                <itemlayout height="128">
                    <control type="group">
                        <include content="Layout_Shortcuts">
                            <param name="selected">false</param>
                            <param name="item_h">128</param>
                            <param name="misc">230</param>
                            <param name="id">22001</param>
                            <param name="textcolor">dialog_fg_70</param>
                        </include>
                    </control>
                </itemlayout>
                <focusedlayout height="128">
                    <control type="group">
                        <include content="Layout_Shortcuts">
                            <param name="selected">true</param>
                            <param name="item_h">128</param>
                            <param name="misc">230</param>
                            <param name="id">22001</param>
                            <param name="textcolor">dialog_fg_70</param>
                        </include>
                    </control>
                </focusedlayout>
                <content>plugin://script.skinvariables/?info=get_shortcuts_node&amp;edit=true&amp;skin=$VAR[Path_SkinVariables_SkinFolder]$INFO[Window(Home).Property(SkinVariables.ShortcutsNode.Reload),&amp;reload=,]$INFO[Window(Home).Property(Shortcuts.EditMenu),&amp;,]$INFO[Window(Home).Property(Shortcuts.EditMode),&amp;,]$INFO[Window(Home).Property(Shortcuts.EditGUID),&amp;,]</content>
                <onfocus>SetFocus(22900)</onfocus>
                <onright>61</onright>
                <onback>29999</onback>
                <onclick>noop</onclick>
            </control>

            <control type="group">
                <animation effect="slide" start="0" end="0,128" condition="Container(22001).Position(1)">Conditional</animation>
                <animation effect="slide" start="0" end="0,256" condition="Container(22001).Position(2)">Conditional</animation>
                <animation effect="slide" start="0" end="0,384" condition="Container(22001).Position(3)">Conditional</animation>
                <animation effect="slide" start="0" end="0,512" condition="Container(22001).Position(4)">Conditional</animation>
                <animation effect="slide" start="0" end="0,640" condition="Container(22001).Position(5)">Conditional</animation>
                <animation effect="slide" start="0" end="0,768" condition="Container(22001).Position(6)">Conditional</animation>
                <animation effect="slide" start="0" end="0,896" condition="Container(22001).Position(7)">Conditional</animation>
                <control type="grouplist" id="22900">
                    <orientation>horizontal</orientation>
                    <itemgap>-20</itemgap>
                    <onup>Control.Move(22001,-1)</onup>
                    <ondown>Control.Move(22001,1)</ondown>

                    <onright>61</onright>
                    <onback>29999</onback>

                    <height>72</height>
                    <centertop>64</centertop>

                    <align>right</align>
                    <right>20</right>

                    <control type="button" id="22901">
                        <texturenofocus colordiffuse="$VAR[DialogShortcuts_ColorSelected_30]">special://skin/extras/icons/circle-arrow-up.png</texturenofocus>
                        <texturefocus colordiffuse="$VAR[ColorSelected]">special://skin/extras/icons/circle-arrow-up.png</texturefocus>
                        <onclick>RunPlugin($INFO[Container(22001).ListItem.Property(url),,&amp;func=do_move&amp;&amp;move::-1&amp;&amp;window_prop::url]$INFO[Container(22001).ListItem(-1).Property(item),&amp;&amp;offset::,])</onclick>
                        <onback>29999</onback>
                        <width>72</width>
                        <height>72</height>
                    </control>

                    <control type="button" id="22902">
                        <texturenofocus colordiffuse="$VAR[DialogShortcuts_ColorSelected_30]">special://skin/extras/icons/circle-arrow-down.png</texturenofocus>
                        <texturefocus colordiffuse="$VAR[ColorSelected]">special://skin/extras/icons/circle-arrow-down.png</texturefocus>
                        <onclick>RunPlugin($INFO[Container(22001).ListItem.Property(url),,&amp;func=do_move&amp;&amp;move::1&amp;&amp;window_prop::url]$INFO[Container(22001).ListItem(1).Property(item),&amp;&amp;offset::,])</onclick>
                        <onback>29999</onback>
                        <width>72</width>
                        <height>72</height>
                    </control>

                    <control type="button" id="22903">
                        <texturenofocus colordiffuse="$VAR[DialogShortcuts_ColorSelected_30]">special://skin/extras/icons/circle-plus.png</texturenofocus>
                        <texturefocus colordiffuse="$VAR[ColorSelected]">special://skin/extras/icons/circle-plus.png</texturefocus>

                        <onclick condition="!$EXP[DialogShortcuts_IsWidgetMode_Expression]">SetProperty(Shortcuts.Groupings.Links,Links,Home)</onclick>
                        <onclick condition="$EXP[DialogShortcuts_IsWidgetMode_Expression]">ClearProperty(Shortcuts.Groupings.Links,Home)</onclick>

                        <onclick>RunScript(script.skinvariables,run_dialog=yesnocustom,"heading=$LOCALIZE[31568]","message=$LOCALIZE[31567]",nolabel=$LOCALIZE[31533],yeslabel=$LOCALIZE[31569],customlabel=$LOCALIZE[222],"executebuiltin_1=RunPlugin($INFO[Container(22001).ListItem.Property(url),,&amp;func=do_new]$VAR[Path_Shortcut_UseRawPath])","executebuiltin_0=ClearProperty(Shortcuts.Groupings.Links,Home)||RunPlugin($INFO[Container(22001).ListItem.Property(url),,&amp;func=do_list_add&amp;&amp;item_limit::80]$VAR[Path_Shortcut_UseRawPath])")</onclick>

                        <onback>29999</onback>
                        <width>72</width>
                        <height>72</height>
                    </control>

                    <control type="button" id="22904">
                        <texturenofocus colordiffuse="$VAR[DialogShortcuts_ColorSelected_30]">special://skin/extras/icons/circle-xmark.png</texturenofocus>
                        <texturefocus colordiffuse="$VAR[ColorSelected]">special://skin/extras/icons/circle-xmark.png</texturefocus>
                        <onclick condition="!$EXP[DialogShortcuts_IsWidgetMode_Expression]">SetProperty(Shortcuts.Groupings.Links,Links,Home)</onclick>
                        <onclick condition="$EXP[DialogShortcuts_IsWidgetMode_Expression]">ClearProperty(Shortcuts.Groupings.Links,Home)</onclick>

                        <onclick>RunScript(script.skinvariables,run_dialog=yesnocustom,"heading=$LOCALIZE[31570]","message=$LOCALIZE[31571]",nolabel=$LOCALIZE[31573],yeslabel=$LOCALIZE[31572],customlabel=$LOCALIZE[31535],"executebuiltin_1=RunPlugin($INFO[Container(22001).ListItem.Property(url),,&amp;func=do_delete])","executebuiltin_0=ClearProperty(Shortcuts.Groupings.Links,Home)||RunPlugin($INFO[Container(22001).ListItem.Property(url),,&amp;func=do_list_del]$VAR[Path_Shortcut_UseRawPath])","executebuiltin_2=RunPlugin($INFO[Container(22001).ListItem.Property(url),,&amp;func=do_refresh]&amp;&amp;restore::True&amp;&amp;executebuiltin::ActivateWindow(1116))")</onclick>
                        <onback>29999</onback>
                        <width>72</width>
                        <height>72</height>
                    </control>
                </control>

            </control>
        </control>
    </include>

    <variable name="DialogShortcuts_Items_DisableEnable_Icon">
        <value condition="!String.IsEqual(Container(22001).ListItem.Property(disabled),True)">special://skin/extras/icons/circle-check.png</value>
        <value>special://skin/extras/icons/circle-cancel.png</value>
    </variable>

    <include name="DialogShortcuts_Items_Basic">

        <include content="Settings_ButtonImage">
            <param name="dialog">true</param>
            <param name="id">23001</param>
            <param name="groupid">23101</param>
            <param name="control">button</param>
            <param name="icon">$VAR[DialogShortcuts_Items_DisableEnable_Icon]</param>
            <label>$VAR[Label_Shortcut_EnableDisable]</label>
            <onclick>RunPlugin($INFO[Container(22001).ListItem.Property(url),,&amp;func=do_toggle])</onclick>
            <onback>22904</onback>
        </include>

        <!-- Shortcuts -->
        <include content="Settings_ButtonImage">
            <param name="id">29002</param>
            <param name="groupid">29102</param>
            <label>$LOCALIZE[424]</label>
            <param name="icon">special://skin/extras/icons/share.png</param>
            <onclick condition="!$EXP[DialogShortcuts_IsWidgetMode_Expression]">SetProperty(Shortcuts.Groupings.Links,Links,Home)</onclick>
            <onclick condition="$EXP[DialogShortcuts_IsWidgetMode_Expression]">ClearProperty(Shortcuts.Groupings.Links,Home)</onclick>
            <onclick>RunPlugin($INFO[Container(22001).ListItem.Property(url),,&amp;func=do_choose]$VAR[Path_Shortcut_UseRawPath])</onclick>
            <onback>22904</onback>
            <visible>$EXP[DialogShortcuts_IsEnabled_Expression]</visible>
        </include>

        <!-- Path -->
        <include content="Settings_ButtonImage">
            <param name="id">29003</param>
            <param name="groupid">29103</param>
            <label>$LOCALIZE[573]</label>
            <param name="icon">special://skin/extras/icons/terminal.png</param>
            <onclick condition="!$EXP[DialogShortcuts_IsWidgetMode_Expression]">SetProperty(Shortcuts.Groupings.Links,Links,Home)</onclick>
            <onclick condition="$EXP[DialogShortcuts_IsWidgetMode_Expression]">ClearProperty(Shortcuts.Groupings.Links,Home)</onclick>
            <onclick>RunPlugin($INFO[Container(22001).ListItem.Property(url),,&amp;func=do_action]$VAR[Path_Shortcut_UseRawPath])</onclick>
            <onback>22904</onback>
            <visible>$EXP[DialogShortcuts_IsEnabled_Expression]</visible>
        </include>

        <!-- Rename -->
        <include content="Settings_ButtonImage">
            <param name="id">29004</param>
            <param name="groupid">29104</param>
            <label>$LOCALIZE[118]</label>
            <param name="icon">special://skin/extras/icons/i-cursor.png</param>
            <onclick>RunPlugin($INFO[Container(22001).ListItem.Property(url),,&amp;func=do_edit])</onclick>
            <onback>22904</onback>
            <visible>$EXP[DialogShortcuts_IsEnabled_Expression]</visible>
        </include>

        <!-- Icon -->
        <include content="Settings_ButtonImage">
            <param name="id">29005</param>
            <param name="groupid">29105</param>
            <label>$LOCALIZE[31274]</label>
            <param name="icon">special://skin/extras/icons/image.png</param>
            <onclick>SetProperty(url,$INFO[Container(22001).ListItem.Property(url)],1117)</onclick>
            <onclick>ActivateWindow(1117)</onclick>
            <onback>22904</onback>
            <visible>$EXP[DialogShortcuts_IsEnabled_Expression]</visible>
        </include>
    </include>

    <include name="DialogShortcuts_Items_Submenu">
        <include content="Settings_Label">
            <param name="dialog">true</param>
            <param name="id">23098</param>
            <label>$LOCALIZE[1034] $LOCALIZE[33063]</label>
            <visible>$EXP[DialogShortcuts_HasCustomSubmenu_Expression] | $EXP[DialogShortcuts_IsSubMenuMode_Expression]</visible>
            <visible>$EXP[DialogShortcuts_IsEnabled_Expression]</visible>
            <onback>22904</onback>
        </include>

        <!-- Edit custom submenu widget item -->
        <include content="Settings_Button">
            <param name="dialog">true</param>
            <param name="id">23042</param>
            <label>$LOCALIZE[31516]</label>
            <visible>$EXP[DialogShortcuts_HasCustomSubmenu_Expression]</visible>
            <visible>$EXP[DialogShortcuts_IsEnabled_Expression]</visible>
            <onclick>SetProperty(Shortcuts.EditMenu.Previous,$INFO[Window(Home).Property(Shortcuts.EditMenu)],Home)</onclick>
            <onclick>SetProperty(Shortcuts.EditMode.Previous,$INFO[Window(Home).Property(Shortcuts.EditMode)],Home)</onclick>
            <onclick>SetProperty(Shortcuts.EditGUID.Previous,$INFO[Window(Home).Property(Shortcuts.EditGUID)],Home)</onclick>
            <onclick>SetProperty(Shortcuts.EditGUID,guid=$INFO[Container(22001).ListItem.Property(guid)],Home)</onclick>
            <onclick>SetProperty(Shortcuts.EditMenu,menu=$INFO[Container(22001).ListItem.Property(menu)],Home)</onclick>
            <onclick>SetProperty(Shortcuts.EditMode,mode=submenu,Home)</onclick>
            <onback>22904</onback>
        </include>

        <!-- Widgets: Limit -->
        <include content="Settings_Button">
            <param name="dialog">true</param>
            <param name="id">23043</param>
            <param name="control">button</param>
            <label>$LOCALIZE[31042]</label>
            <label2>$INFO[Container(22001).ListItem.Property(quickjump)]</label2>
            <onclick>RunPlugin($INFO[Container(22001).ListItem.Property(url),,&amp;func=do_numeric&amp;&amp;quickjump&amp;&amp;heading::Jump to widget])</onclick>
            <visible>$EXP[DialogShortcuts_IsSubMenuMode_Expression]</visible>
            <visible>$EXP[DialogShortcuts_IsEnabled_Expression]</visible>
            <onback>22904</onback>
        </include>
    </include>

    <include name="DialogShortcuts_Items_Widget">
        <include content="Settings_Label">
            <param name="dialog">true</param>
            <param name="id">23902</param>
            <label>$LOCALIZE[31282] $LOCALIZE[33063]</label>
            <visible>$EXP[DialogShortcuts_IsWidgetMode_Expression]</visible>
            <onback>22904</onback>
            <visible>$EXP[DialogShortcuts_IsEnabled_Expression]</visible>
        </include>

        <!-- Widgets: Style -->
        <include content="Settings_Button">
            <param name="dialog">true</param>
            <param name="id">23006</param>
            <param name="control">button</param>
            <label>$LOCALIZE[736]</label>
            <label2>$VAR[Label_Shortcut_Widget_Style]</label2>
            <onclick>$VAR[Action_Shortcut_SetWidgetStyle]</onclick>
            <visible>$EXP[DialogShortcuts_IsWidgetMode_Expression]</visible>
            <onback>22904</onback>
            <visible>$EXP[DialogShortcuts_IsEnabled_Expression]</visible>
        </include>

        <!-- Widgets: Sort by -->
        <include content="Settings_Button">
            <param name="dialog">true</param>
            <param name="id">23007</param>
            <param name="control">button</param>
            <label>$LOCALIZE[31016]</label>
            <label2>[CAPITALIZE]$INFO[Container(22001).ListItem.Property(widget_sortby)][/CAPITALIZE]</label2>
            <onclick>RunPlugin($INFO[Container(22001).ListItem.Property(url),,&amp;func=do_edit&amp;&amp;widget_sortby&amp;&amp;default&amp;label&amp;userpreference&amp;random&amp;dateadded&amp;lastplayed&amp;playcount&amp;year&amp;rating&amp;userrating&amp;votes&amp;genre&amp;country&amp;studio&amp;playlist&amp;episodenumber&amp;season&amp;totalepisodes&amp;watchedepisodes&amp;tvshowstatus&amp;tvshowtitle&amp;file&amp;title&amp;track&amp;time&amp;artist&amp;album&amp;lastupdated&amp;lastused&amp;date&amp;&amp;Sort by&amp;&amp;True])</onclick>
            <visible>$EXP[DialogShortcuts_IsWidgetMode_Expression]</visible>
            <onback>22904</onback>
            <visible>$EXP[DialogShortcuts_IsEnabled_Expression]</visible>
        </include>

        <!-- Widgets: Sort order -->
        <include content="Settings_Button">
            <param name="dialog">true</param>
            <param name="id">23008</param>
            <param name="control">radiobutton</param>
            <label>$LOCALIZE[31517]</label>
            <selected>!String.IsEmpty(Container(22001).ListItem.Property(widget_sortorder))</selected>
            <onclick>RunPlugin($INFO[Container(22001).ListItem.Property(url),,&amp;func=do_toggle&amp;&amp;widget_sortorder])</onclick>
            <visible>!String.IsEmpty(Container(22001).ListItem.Property(widget_sortby))</visible>
            <visible>!String.IsEqual(Container(22001).ListItem.Property(widget_sortby),random)</visible>
            <visible>$EXP[DialogShortcuts_IsWidgetMode_Expression]</visible>
            <onback>22904</onback>
            <visible>$EXP[DialogShortcuts_IsEnabled_Expression]</visible>
        </include>

        <!-- Widgets: Limit -->
        <include content="Settings_Button">
            <param name="dialog">true</param>
            <param name="id">23009</param>
            <param name="control">button</param>
            <label>$LOCALIZE[31188]</label>
            <label2>$INFO[Container(22001).ListItem.Property(widget_limit)]</label2>
            <onclick>RunPlugin($INFO[Container(22001).ListItem.Property(url),,&amp;func=do_numeric&amp;&amp;widget_limit&amp;&amp;heading::Limit])</onclick>
            <visible>$EXP[DialogShortcuts_IsWidgetMode_Expression]</visible>
            <onback>22904</onback>
            <visible>$EXP[DialogShortcuts_IsEnabled_Expression]</visible>
        </include>

        <!-- Widgets: Stacked Parent -->
        <include content="Settings_Stacked_Button">
            <param name="dialog">true</param>
            <param name="id">23011</param>
            <param name="groupid">24011</param>
            <param name="control">button</param>
            <param name="toplabel">$LOCALIZE[31389]</param>
            <param name="sublabel">$LOCALIZE[31388] = $VAR[Label_Shortcut_StackedParent]</param>
            <param name="sublabel_visible">true</param>
            <onclick condition="!String.IsEqual(Container(22001).ListItem.Property(widget_parent),1) + !String.IsEqual(Container(22001).ListItem.Property(widget_parent),2)">RunPlugin($INFO[Container(22001).ListItem.Property(url),,&amp;func=do_edit&amp;&amp;widget_parent&amp;&amp;1])</onclick>
            <onclick condition="String.IsEqual(Container(22001).ListItem.Property(widget_parent),1)">RunPlugin($INFO[Container(22001).ListItem.Property(url),,&amp;func=do_edit&amp;&amp;widget_parent&amp;&amp;2])</onclick>
            <onclick condition="String.IsEqual(Container(22001).ListItem.Property(widget_parent),2)">RunPlugin($INFO[Container(22001).ListItem.Property(url),,&amp;func=do_edit&amp;&amp;widget_parent&amp;&amp;0])</onclick>
            <visible>$EXP[DialogShortcuts_IsWidgetMode_Expression]</visible>
            <onback>22904</onback>
            <visible>$EXP[DialogShortcuts_IsEnabled_Expression]</visible>
            <visible>String.StartsWith(Container(22001).ListItem.Property(path),Stacked_)</visible>
        </include>

        <!-- Widgets: Autoscroll -->
        <include content="Settings_Button">
            <param name="dialog">true</param>
            <param name="id">23010</param>
            <param name="control">radiobutton</param>
            <label>$LOCALIZE[31185]</label>
            <selected>!String.IsEmpty(Container(22001).ListItem.Property(widget_autoscroll))</selected>
            <onclick>RunPlugin($INFO[Container(22001).ListItem.Property(url),,&amp;func=do_toggle&amp;&amp;widget_autoscroll])</onclick>
            <visible>$EXP[DialogShortcuts_IsWidgetMode_Expression]</visible>
            <onback>22904</onback>
            <visible>$EXP[DialogShortcuts_IsEnabled_Expression]</visible>
        </include>

        <!-- Widgets: Prevent Reload -->
        <include content="Settings_Button">
            <param name="dialog">true</param>
            <param name="id">23070</param>
            <param name="control">radiobutton</param>
            <label>$LOCALIZE[31583]</label>
            <selected>String.IsEqual(Container(22001).ListItem.Property(widget_sortby),userpreference)</selected>
            <onclick condition="!String.IsEqual(Container(22001).ListItem.Property(widget_sortby),userpreference)">RunPlugin($INFO[Container(22001).ListItem.Property(url),,&amp;func=do_edit&amp;&amp;widget_sortby&amp;&amp;userpreference])</onclick>
            <onclick condition="String.IsEqual(Container(22001).ListItem.Property(widget_sortby),userpreference)">RunPlugin($INFO[Container(22001).ListItem.Property(url),,&amp;func=do_edit&amp;&amp;widget_sortby&amp;&amp;default])</onclick>
            <visible>String.IsEqual(Container(22001).ListItem.Property(widget_sortby),userpreference) | String.IsEqual(Container(22001).ListItem.Property(widget_sortby),default) | String.IsEmpty(Container(22001).ListItem.Property(widget_sortby))</visible>
            <visible>$EXP[DialogShortcuts_IsWidgetMode_Expression]</visible>
            <onback>22904</onback>
            <visible>$EXP[DialogShortcuts_IsEnabled_Expression]</visible>
        </include>
    </include>

    <include name="DialogShortcuts_Items">
        <definition>
            <include>DialogShortcuts_Items_Basic</include>
            <include>DialogShortcuts_Items_Widget</include>
            <include>DialogShortcuts_Items_Submenu</include>
        </definition>
    </include>

     <!-- Selected Color -->
    <variable name="DialogShortcuts_ColorSelected_30">
        <value condition="ControlGroup(29000).HasFocus()">dialog_fg_70</value>
        <value>$VAR[ColorSelected_30]</value>
    </variable>

    <expression name="DialogShortcuts_IsSubMenuMode_Expression">[String.IsEqual(Window(Home).Property(Shortcuts.EditMode),mode=submenu) + Skin.HasSetting(Submenu.EnableSideMode)]</expression>

    <expression name="DialogShortcuts_IsWidgetMode_Expression">[String.IsEqual(Window(Home).Property(Shortcuts.EditMode),mode=widgets)]</expression>

    <expression name="DialogShortcuts_HasCustomSubmenu_Expression">[String.IsEqual(Container(22001).ListItem.Property(path),Custom_Submenu)]</expression>

    <expression name="DialogShortcuts_IsEnabled_Expression">[!String.IsEqual(Container(22001).ListItem.Property(disabled),True) + $EXP[DialogShortcuts_IsNotBlank_Expression]]</expression>
    <expression name="DialogShortcuts_IsNotBlank_Expression">[!String.IsEqual(Container(22001).ListItem.Property(blank),True)]</expression>



    <include name="DialogCustom_Shortcuts_Items">
        <include content="$PARAM[include]" condition="String.IsEqual(Window(Home).Property(Dialog.1124.Window),HomeSwitcher.Home)">
            <param name="window">home</param>
        </include>
        <include content="$PARAM[include]" condition="String.IsEqual(Window(Home).Property(Dialog.1124.Window),HomeSwitcher.1101)">
            <param name="window">1101</param>
        </include>
        <include content="$PARAM[include]" condition="String.IsEqual(Window(Home).Property(Dialog.1124.Window),HomeSwitcher.1102)">
            <param name="window">1102</param>
        </include>
        <include content="$PARAM[include]" condition="String.IsEqual(Window(Home).Property(Dialog.1124.Window),HomeSwitcher.1103)">
            <param name="window">1103</param>
        </include>
        <include content="$PARAM[include]" condition="String.IsEqual(Window(Home).Property(Dialog.1124.Window),HomeSwitcher.1104)">
            <param name="window">1104</param>
        </include>
    </include>

    <include name="DialogCustom_Shortcuts_Items_ShortcutConfigure">
        <include content="DialogCustom_Shortcuts_Items">
            <param name="include">DialogCustom_Shortcuts_Items_ShortcutConfigure_Items</param>
        </include>
    </include>
    <include name="DialogCustom_Shortcuts_Items_ShortcutConfigure_Items">
        <include content="Settings_Button" description="Label">
            <param name="dialog">false</param>
            <param name="id">8001</param>
            <label>$LOCALIZE[21899]</label>
            <label2>$VAR[Home_Name_$PARAM[window]]</label2>
            <onclick>Skin.SetString(HomeSwitcher.$PARAM[window].Name)</onclick>
        </include>
        <include content="Settings_Button" description="Icon">
            <param name="dialog">false</param>
            <param name="id">8002</param>
            <label>$LOCALIZE[31274]</label>
            <label2>$VAR[Home_Icon_$PARAM[window]]</label2>
            <onclick>SetProperty(setting,HomeSwitcher.$PARAM[window].Icon,1117)</onclick>
            <onclick>ActivateWindow(1117)</onclick>
        </include>
        <include content="Settings_Button" description="Path">
            <param name="dialog">false</param>
            <param name="id">8003</param>
            <label>$LOCALIZE[573]</label>
            <label2>$INFO[Skin.String(HomeSwitcher.$PARAM[window].Shortcut.Path)]</label2>
            <onclick>SetProperty(Shortcuts.Groupings.Links,Links,Home)</onclick>
            <onclick>RunScript(script.skinvariables,set_shortcut=HomeSwitcher.$PARAM[window].Shortcut)</onclick>
        </include>
    </include>

    <include name="DialogCustom_Shortcuts_Items_SpotlightConfigure">
        <include content="DialogCustom_Shortcuts_Items">
            <param name="include">DialogCustom_Shortcuts_Items_SpotlightConfigure_Items</param>
        </include>
    </include>
    <include name="DialogCustom_Shortcuts_Items_SpotlightConfigure_Items">
        <include content="Settings_Button" description="Label">
            <param name="dialog">false</param>
            <param name="id">8001</param>
            <label>$LOCALIZE[21899]</label>
            <label2>$INFO[Skin.String(HomeSwitcher.$PARAM[window].Spotlight.Label)]</label2>
            <onclick>Skin.SetString(HomeSwitcher.$PARAM[window].Spotlight.Label)</onclick>
        </include>
        <include content="Settings_Button" description="Path">
            <param name="dialog">false</param>
            <param name="id">8003</param>
            <label>$LOCALIZE[573]</label>
            <label2>$INFO[Skin.String(HomeSwitcher.$PARAM[window].Spotlight.Path)]</label2>
            <onclick>SetProperty(Shortcuts.Groupings.Links,Links,Home)</onclick>
            <onclick>RunScript(script.skinvariables,set_shortcut=HomeSwitcher.$PARAM[window].Spotlight,use_rawpath=True)</onclick>
        </include>
    </include>

    <include name="DialogShortcuts_Window_Settings_Search">
        <param name="visible">String.IsEqual(Container(30000).ListItem.Property(editmenu),menu=search)</param>
        <param name="enabled">!Skin.HasSetting(HomeSwitcher.DisableSearch)</param>
        <definition>
            <!-- Search: 9400 | 9500 -->
            <include content="Settings_Label">
                <param name="id">9401</param>
                <param name="control">label</param>
                <description>Default Setting Label</description>
                <label>$LOCALIZE[33063]</label>
                <visible>$PARAM[enabled]</visible>
                <visible>$PARAM[visible]</visible>
            </include>
            <!-- <include content="Settings_Button" description="Enabled">
                <param name="control">radiobutton</param>
                <param name="id">9402</param>
                <label>$LOCALIZE[305]</label>
                <selected>$PARAM[enabled]</selected>
                <onclick>Skin.ToggleSetting(HomeSwitcher.DisableSearch)</onclick>
                <visible>$PARAM[visible]</visible>
            </include> -->
            <include content="Settings_Button" description="Layout (Search)">
                <param name="control">button</param>
                <param name="id">9403</param>
                <label>$LOCALIZE[31158]</label>
                <label2>$VAR[Label_Setting_Search_Mode]</label2>
                <onclick>Skin.ToggleSetting(Search.DisableCombined)</onclick>
                <visible>$PARAM[enabled]</visible>
                <visible>$PARAM[visible]</visible>
            </include>
            <include content="Settings_Label">
                <param name="id">9404</param>
                <param name="control">label</param>
                <description>Default Setting Label</description>
                <label>$LOCALIZE[31203]</label>
                <visible>$PARAM[enabled]</visible>
                <visible>$PARAM[visible]</visible>
            </include>
            <include content="Settings_Button" description="Search Discover">
                <param name="control">radiobutton</param>
                <param name="id">9405</param>
                <label>$LOCALIZE[31066]</label>
                <selected>!Skin.HasSetting(Search.DisableDiscover)</selected>
                <onclick>Skin.ToggleSetting(Search.DisableDiscover)</onclick>
                <visible>!Skin.HasSetting(Search.DisableCombined)</visible>
                <visible>$PARAM[enabled]</visible>
                <visible>$PARAM[visible]</visible>
            </include>
            <include content="Settings_Button" description="Widgets">
                <param name="id">9406</param>
                <label>$LOCALIZE[31103]</label>
                <onclick>SetProperty(Shortcuts.EditMenu,$INFO[Container(30000).ListItem.Property(editmenu),,widgets],Home)</onclick>
                <onclick>SetProperty(Shortcuts.EditMode,mode=widgets,Home)</onclick>
                <onclick>ClearProperty(Shortcuts.EditGUID,Home)</onclick>
                <onclick>ActivateWindow(1116)</onclick>
                <visible>$PARAM[enabled]</visible>
                <visible>$PARAM[visible]</visible>
            </include>
        </definition>
    </include>

    <include name="DialogShortcuts_Window_Settings_Hubs">
        <param name="visible">[String.IsEqual(Container(30000).ListItem.Property(editmenu),menu=home) | String.IsEqual(Container(30000).ListItem.Property(editmenu),menu=1101) | String.IsEqual(Container(30000).ListItem.Property(editmenu),menu=1102) | String.IsEqual(Container(30000).ListItem.Property(editmenu),menu=1103) | String.IsEqual(Container(30000).ListItem.Property(editmenu),menu=1104)]</param>
        <param name="enabled">!String.IsEmpty(Container(30000).ListItem.Property(enabled))</param>
        <definition>

            <!-- Hubs: 9000 | 9100 -->
            <include content="Settings_Label">
                <param name="id">9001</param>
                <param name="control">label</param>
                <description>Default Setting Label</description>
                <label>$LOCALIZE[33063]</label>
                <visible>$PARAM[enabled]</visible>
                <visible>$PARAM[visible]</visible>
            </include>
            <!-- <include content="Settings_Button" description="Enabled">
                <param name="control">radiobutton</param>
                <param name="id">9002</param>
                <label>$LOCALIZE[305]</label>
                <selected>$PARAM[enabled]</selected>
                <onclick condition="String.IsEmpty(Container(30000).ListItem.Property(enabled))">Skin.SetString($INFO[Container(30000).ListItem.Property(rename),,.Toggle],true)</onclick>
                <onclick condition="String.IsEqual(Container(30000).ListItem.Property(enabled),true)">Skin.Reset($INFO[Container(30000).ListItem.Property(rename),,.Toggle])</onclick>
                <visible>$PARAM[visible]</visible>
                <visible>!String.IsEqual(Container(30000).ListItem.Property(editmenu),menu=home)</visible>
            </include> -->
            <include content="Settings_Button" description="Layout">
                <param name="id">9003</param>
                <label>$LOCALIZE[31158]</label>
                <label2>$VAR[Label_Setting_Hub_Mode]</label2>
                <onclick>SetProperty(Dialog.1125.Value,$INFO[Container(30000).ListItem.Property(rename)],Home)</onclick>
                <onclick>ActivateWindow(1125)</onclick>
                <visible>$PARAM[enabled]</visible>
                <visible>$PARAM[visible]</visible>
            </include>
            <include content="Settings_Label">
                <param name="id">9004</param>
                <param name="control">label</param>
                <label>$LOCALIZE[31203]</label>
                <visible>$PARAM[enabled]</visible>
                <visible>$PARAM[visible]</visible>
            </include>
            <include content="Settings_Button" description="Shortcut">
                <param name="id">9005</param>
                <label>$LOCALIZE[31511]</label>
                <onclick>SetProperty(Dialog.1124.Header,Shortcut,Home)</onclick>
                <onclick>SetProperty(Dialog.1124.Window,$INFO[Container(30000).ListItem.Property(rename)],Home)</onclick>
                <onclick>ActivateWindow(1124)</onclick>
                <visible>$PARAM[enabled]</visible>
                <visible>$PARAM[visible]</visible>
            </include>
            <include content="Settings_Button" description="Submenu">
                <param name="id">9006</param>
                <label>$LOCALIZE[1034]</label>
                <onclick>SetProperty(Shortcuts.EditMenu,$INFO[Container(30000).ListItem.Property(editmenu),,submenu],Home)</onclick>
                <onclick>SetProperty(Shortcuts.EditMode,mode=submenu,Home)</onclick>
                <onclick>ClearProperty(Shortcuts.EditGUID,Home)</onclick>
                <onclick>ActivateWindow(1116)</onclick>
                <visible>$PARAM[enabled]</visible>
                <visible>$PARAM[visible]</visible>
            </include>
            <include content="Settings_Button" description="Spotlight">
                <param name="id">9007</param>
                <label>$LOCALIZE[31105]</label>
                <onclick>SetProperty(Dialog.1124.Header,Spotlight,Home)</onclick>
                <onclick>SetProperty(Dialog.1124.Window,$INFO[Container(30000).ListItem.Property(rename)],Home)</onclick>
                <onclick>ActivateWindow(1124)</onclick>
                <visible>$PARAM[enabled]</visible>
                <visible>$PARAM[visible]</visible>
            </include>
            <include content="Settings_Button" description="Widgets">
                <param name="id">9008</param>
                <label>$LOCALIZE[31103]</label>
                <onclick>SetProperty(Shortcuts.EditMenu,$INFO[Container(30000).ListItem.Property(editmenu),,widgets],Home)</onclick>
                <onclick>SetProperty(Shortcuts.EditMode,mode=widgets,Home)</onclick>
                <onclick>ClearProperty(Shortcuts.EditGUID,Home)</onclick>
                <onclick>ActivateWindow(1116)</onclick>
                <visible>$PARAM[enabled]</visible>
                <visible>$PARAM[visible]</visible>
            </include>
        </definition>
    </include>

    <include name="DialogShortcuts_Window_Settings_Additional">
        <param name="visible">String.IsEmpty(Container(30000).ListItem.Property(editmenu))</param>
        <definition>

            <!-- Additional 9600 | 9700 -->

            <!-- Next Aired -->
            <include content="Settings_Label">
                <param name="id">9601</param>
                <param name="control">label</param>
                <description>Default Setting Label</description>
                <label>$LOCALIZE[31605]</label>
                <visible>$PARAM[visible]</visible>
            </include>
            <include content="Settings_Button" description="Next Aired">
                <param name="id">9602</param>
                <param name="control">radiobutton</param>
                <label>$LOCALIZE[449]</label>
                <onclick condition="String.IsEmpty(Skin.String(HomeSwitcher.1106.Toggle))">Skin.SetString(HomeSwitcher.1106.Toggle,true)</onclick>
                <onclick condition="!String.IsEmpty(Skin.String(HomeSwitcher.1106.Toggle))">Skin.Reset(HomeSwitcher.1106.Toggle)</onclick>
                <selected>!String.IsEmpty(Skin.String(HomeSwitcher.1106.Toggle))</selected>
                <visible>$PARAM[visible]</visible>
            </include>

            <!-- PVR -->
            <include content="Settings_Label">
                <param name="id">9610</param>
                <param name="control">label</param>
                <description>Default Setting Label</description>
                <label>$LOCALIZE[31085] / PVR</label>
                <visible>System.HasPVRAddon + PVR.HasTVChannels</visible>
                <visible>$PARAM[visible]</visible>
            </include>
            <include content="Settings_Button" description="Live TV">
                <param name="id">9611</param>
                <param name="control">radiobutton</param>
                <label>$LOCALIZE[449]</label>
                <onclick condition="String.IsEmpty(Skin.String(HomeSwitcher.1107.Toggle))">Skin.SetString(HomeSwitcher.1107.Toggle,true)</onclick>
                <onclick condition="!String.IsEmpty(Skin.String(HomeSwitcher.1107.Toggle))">Skin.Reset(HomeSwitcher.1107.Toggle)</onclick>
                <selected>!String.IsEmpty(Skin.String(HomeSwitcher.1107.Toggle))</selected>
                <visible>System.HasPVRAddon + PVR.HasTVChannels</visible>
                <visible>$PARAM[visible]</visible>
            </include>
            <include content="Settings_Button" description="Search">
                <param name="id">9612</param>
                <param name="control">radiobutton</param>
                <label> - $LOCALIZE[137]</label>
                <onclick>Skin.ToggleSetting(Hub.1107.DisableSearch)</onclick>
                <selected>!Skin.HasSetting(Hub.1107.DisableSearch)</selected>
                <visible>$PARAM[visible]</visible>
                <visible>System.HasPVRAddon + PVR.HasTVChannels</visible>
                <visible>!String.IsEmpty(Skin.String(HomeSwitcher.1107.Toggle))</visible>
            </include>
            <include content="Settings_Button" description="Channels">
                <param name="id">9613</param>
                <param name="control">radiobutton</param>
                <label> - $LOCALIZE[14301]</label>
                <onclick>Skin.ToggleSetting(Hub.1107.DisableChannels)</onclick>
                <selected>!Skin.HasSetting(Hub.1107.DisableChannels)</selected>
                <visible>$PARAM[visible]</visible>
                <visible>System.HasPVRAddon + PVR.HasTVChannels</visible>
                <visible>!String.IsEmpty(Skin.String(HomeSwitcher.1107.Toggle))</visible>
            </include>
            <include content="Settings_Button" description="Groups">
                <param name="id">9614</param>
                <param name="control">radiobutton</param>
                <label> - $LOCALIZE[19146]</label>
                <onclick>Skin.ToggleSetting(Hub.1107.DisableGroups)</onclick>
                <selected>!Skin.HasSetting(Hub.1107.DisableGroups)</selected>
                <visible>$PARAM[visible]</visible>
                <visible>System.HasPVRAddon + PVR.HasTVChannels</visible>
                <visible>!String.IsEmpty(Skin.String(HomeSwitcher.1107.Toggle))</visible>
            </include>
            <include content="Settings_Button" description="Recordings">
                <param name="id">9615</param>
                <param name="control">radiobutton</param>
                <label> - $LOCALIZE[19017]</label>
                <onclick>Skin.ToggleSetting(Hub.1107.DisableRecordings)</onclick>
                <selected>!Skin.HasSetting(Hub.1107.DisableRecordings)</selected>
                <visible>$PARAM[visible]</visible>
                <visible>System.HasPVRAddon + PVR.HasTVChannels</visible>
                <visible>!String.IsEmpty(Skin.String(HomeSwitcher.1107.Toggle))</visible>
            </include>

            <!-- ADDONS -->
            <include content="Settings_Label">
                <param name="id">9620</param>
                <param name="control">label</param>
                <description>Default Setting Label</description>
                <label>$LOCALIZE[24001]</label>
                <visible>$PARAM[visible]</visible>
            </include>
            <include content="Settings_Button" description="Addons">
                <param name="id">9621</param>
                <param name="control">radiobutton</param>
                <label>$LOCALIZE[449]</label>
                <onclick condition="String.IsEmpty(Skin.String(HomeSwitcher.1108.Toggle))">Skin.SetString(HomeSwitcher.1108.Toggle,true)</onclick>
                <onclick condition="!String.IsEmpty(Skin.String(HomeSwitcher.1108.Toggle))">Skin.Reset(HomeSwitcher.1108.Toggle)</onclick>
                <selected>!String.IsEmpty(Skin.String(HomeSwitcher.1108.Toggle))</selected>
                <visible>$PARAM[visible]</visible>
            </include>
            <include content="Settings_Button" description="Video Addons">
                <param name="id">9622</param>
                <param name="control">radiobutton</param>
                <label> - $LOCALIZE[157]</label>
                <onclick>Skin.ToggleSetting(Hub.1108.DisableVideo)</onclick>
                <selected>!Skin.HasSetting(Hub.1108.DisableVideo)</selected>
                <visible>$PARAM[visible]</visible>
                <visible>!String.IsEmpty(Skin.String(HomeSwitcher.1108.Toggle))</visible>
            </include>
            <include content="Settings_Button" description="Music Addons">
                <param name="id">9623</param>
                <param name="control">radiobutton</param>
                <label> - $LOCALIZE[249]</label>
                <onclick>Skin.ToggleSetting(Hub.1108.DisableMusic)</onclick>
                <selected>!Skin.HasSetting(Hub.1108.DisableMusic)</selected>
                <visible>$PARAM[visible]</visible>
                <visible>!String.IsEmpty(Skin.String(HomeSwitcher.1108.Toggle))</visible>
            </include>
            <include content="Settings_Button" description="Picture Addons">
                <param name="id">9624</param>
                <param name="control">radiobutton</param>
                <label> - $LOCALIZE[31011]</label>
                <onclick>Skin.ToggleSetting(Hub.1108.DisablePicture)</onclick>
                <selected>!Skin.HasSetting(Hub.1108.DisablePicture)</selected>
                <visible>$PARAM[visible]</visible>
                <visible>!String.IsEmpty(Skin.String(HomeSwitcher.1108.Toggle))</visible>
            </include>
            <include content="Settings_Button" description="Program Addons">
                <param name="id">9625</param>
                <param name="control">radiobutton</param>
                <label> - $LOCALIZE[350]</label>
                <onclick>Skin.ToggleSetting(Hub.1108.DisableProgram)</onclick>
                <selected>!Skin.HasSetting(Hub.1108.DisableProgram)</selected>
                <visible>$PARAM[visible]</visible>
                <visible>!String.IsEmpty(Skin.String(HomeSwitcher.1108.Toggle))</visible>
            </include>
            <include content="Settings_Button" description="Game Addons">
                <param name="id">9626</param>
                <param name="control">radiobutton</param>
                <label> - $LOCALIZE[10821]</label>
                <onclick>Skin.ToggleSetting(Hub.1108.DisableGame)</onclick>
                <selected>!Skin.HasSetting(Hub.1108.DisableGame)</selected>
                <visible>$PARAM[visible]</visible>
                <visible>!String.IsEmpty(Skin.String(HomeSwitcher.1108.Toggle))</visible>
            </include>

            <!-- Settings -->
            <include content="Settings_Label">
                <param name="id">9630</param>
                <param name="control">label</param>
                <description>Default Setting Label</description>
                <label>$LOCALIZE[5]</label>
                <visible>$PARAM[visible]</visible>
            </include>
            <include content="Settings_Button" description="Loopback">
                <param name="id">9631</param>
                <param name="control">radiobutton</param>
                <label>$LOCALIZE[449]</label>
                <onclick>Skin.ToggleSetting(HomeSwitcher.LoopBack)</onclick>
                <selected>!Skin.HasSetting(HomeSwitcher.LoopBack)</selected>
                <visible>$PARAM[visible]</visible>
            </include>
        </definition>
    </include>

    <include name="DialogShortcuts_Window_Settings_Power_Tiles">

        <!-- Power: 9200 | 9300 -->
        <include content="Settings_Button">
            <param name="id">92$PARAM[item]1</param>
            <param name="control">button</param>
            <param name="dialog">true</param>
            <label>$LOCALIZE[31025] $PARAM[item]</label>
            <label2>$INFO[Skin.String(OptionsTiles.0$PARAM[item].Include)]</label2>
            <visible>$PARAM[visible]</visible>

            <onclick condition="!Skin.String(OptionsTiles.0$PARAM[item].Include,Profile) + !Skin.String(OptionsTiles.0$PARAM[item].Include,Settings) + !Skin.String(OptionsTiles.0$PARAM[item].Include,Weather) + !Skin.String(OptionsTiles.0$PARAM[item].Include,SystemInfo)">Skin.SetString(OptionsTiles.0$PARAM[item].Include,Settings)</onclick>
            <onclick condition="Skin.String(OptionsTiles.0$PARAM[item].Include,Settings)">Skin.SetString(OptionsTiles.0$PARAM[item].Include,Profile)</onclick>
            <onclick condition="Skin.String(OptionsTiles.0$PARAM[item].Include,Profile)">Skin.SetString(OptionsTiles.0$PARAM[item].Include,NowPlaying)</onclick>
            <onclick condition="Skin.String(OptionsTiles.0$PARAM[item].Include,NowPlaying)">Skin.SetString(OptionsTiles.0$PARAM[item].Include,Weather)</onclick>
            <onclick condition="Skin.String(OptionsTiles.0$PARAM[item].Include,Weather)">Skin.SetString(OptionsTiles.0$PARAM[item].Include,SystemInfo)</onclick>
            <onclick condition="Skin.String(OptionsTiles.0$PARAM[item].Include,SystemInfo)">Skin.SetString(OptionsTiles.0$PARAM[item].Include,Custom)</onclick>
        </include>

        <include content="Settings_Button">
            <param name="id">92$PARAM[item]2</param>
            <param name="control">button</param>
            <param name="dialog">true</param>
            <label> - $LOCALIZE[31469]</label>
            <label2>$INFO[Skin.String(OptionsTiles.0$PARAM[item].Path)]</label2>
            <visible>$PARAM[visible]</visible>
            <onclick>SetProperty(Shortcuts.Groupings.Links,Links,Home)</onclick>
            <onclick>RunScript(script.skinvariables,set_shortcut=OptionsTiles.0$PARAM[item])</onclick>
            <visible>Skin.String(OptionsTiles.0$PARAM[item].Include,Custom)</visible>
        </include>

        <include content="Settings_Button">
            <param name="id">92$PARAM[item]3</param>
            <param name="control">button</param>
            <param name="dialog">true</param>
            <label> - $LOCALIZE[21899]</label>
            <label2>$INFO[Skin.String(OptionsTiles.0$PARAM[item].Label)]</label2>
            <visible>$PARAM[visible]</visible>
            <onclick>Skin.SetString(OptionsTiles.0$PARAM[item].Label)</onclick>
            <visible>Skin.String(OptionsTiles.0$PARAM[item].Include,Custom)</visible>
        </include>

        <include content="Settings_Button">
            <param name="id">92$PARAM[item]4</param>
            <param name="control">button</param>
            <param name="dialog">true</param>
            <label2>$INFO[Skin.String(OptionsTiles.0$PARAM[item].Icon)]</label2>
            <label> - $LOCALIZE[31274]</label>
            <visible>$PARAM[visible]</visible>
            <onclick>Skin.SetImage(OptionsTiles.0$PARAM[item].Icon,special://skin/extras/icons/)</onclick>
            <visible>Skin.String(OptionsTiles.0$PARAM[item].Include,Custom)</visible>
        </include>
    </include>


    <include name="DialogShortcuts_Window_Settings_Power">
        <param name="visible">String.IsEqual(Container(30000).ListItem.Property(editmenu),menu=power)</param>
        <definition>
            <include content="Settings_Label">
                <param name="id">9201</param>
                <param name="color">dialog_fg</param>
                <label>$LOCALIZE[33063]</label>
                <visible>$PARAM[visible]</visible>
            </include>
            <include content="Settings_Button">
                <param name="id">9202</param>
                <param name="control">button</param>
                <label>$LOCALIZE[31158]</label>
                <label2>$INFO[Skin.String(OptionsTiles.Layout),, $LOCALIZE[31048]]</label2>
                <onclick condition="Skin.String(OptionsTiles.Layout,$NUMBER[2])">Skin.SetString(OptionsTiles.Layout,$NUMBER[3])</onclick>
                <onclick condition="Skin.String(OptionsTiles.Layout,$NUMBER[3])">Skin.SetString(OptionsTiles.Layout,$NUMBER[4])</onclick>
                <onclick condition="Skin.String(OptionsTiles.Layout,$NUMBER[4])">Skin.SetString(OptionsTiles.Layout,$NUMBER[2])</onclick>
                <visible>$PARAM[visible]</visible>
            </include>

            <include content="Settings_Label">
                <param name="id">9203</param>
                <param name="color">dialog_fg</param>
                <label>$LOCALIZE[31467]</label>
                <visible>$PARAM[visible]</visible>
            </include>

            <include content="DialogShortcuts_Window_Settings_Power_Tiles">
                <param name="item">1</param>
                <param name="visible">$PARAM[visible]</param>
            </include>
            <include content="DialogShortcuts_Window_Settings_Power_Tiles">
                <param name="item">2</param>
                <param name="visible">$PARAM[visible]</param>
            </include>
            <include content="DialogShortcuts_Window_Settings_Power_Tiles">
                <param name="item">3</param>
                <param name="visible">$PARAM[visible] + Integer.IsGreater(Skin.String(OptionsTiles.Layout),2)</param>
            </include>
            <include content="DialogShortcuts_Window_Settings_Power_Tiles">
                <param name="item">4</param>
                <param name="visible">$PARAM[visible] + Integer.IsGreater(Skin.String(OptionsTiles.Layout),3)</param>
            </include>

            <include content="Settings_Label">
                <param name="id">9204</param>
                <param name="color">dialog_fg</param>
                <label>$LOCALIZE[111]</label>
                <visible>$PARAM[visible]</visible>
            </include>
            <include content="Settings_Button">
                <param name="id">9205</param>
                <param name="control">button</param>
                <onclick>SetProperty(Shortcuts.EditMenu,menu=powermenu,Home)</onclick>
                <onclick>ClearProperty(Shortcuts.EditMode,Home)</onclick>
                <onclick>ClearProperty(Shortcuts.EditGUID,Home)</onclick>
                <onclick>ActivateWindow(1116)</onclick>
                <label>$LOCALIZE[33061]</label>
                <visible>$PARAM[visible]</visible>
            </include>
            <include content="Settings_Button">
                <param name="id">9206</param>
                <param name="control">button</param>
                <onclick>SetProperty(Shortcuts.EditMenu,menu=powertray,Home)</onclick>
                <onclick>ClearProperty(Shortcuts.EditMode,Home)</onclick>
                <onclick>ClearProperty(Shortcuts.EditGUID,Home)</onclick>
                <onclick>ActivateWindow(1116)</onclick>
                <label>$LOCALIZE[31043]</label>
                <visible>$PARAM[visible]</visible>
            </include>
        </definition>
    </include>
</includes>
