<?xml version="1.0" encoding="UTF-8"?>
<includes>

    <default type="label">
        <align>left</align>
        <aligny>center</aligny>
        <font>font_main</font>
        <textcolor>main_fg_70</textcolor>
        <selectedcolor>main_fg_70</selectedcolor>
        <include content="Object_Scroll" condition="Skin.HasSetting(Labels.Autoscroll)">
            <param name="scroll">true</param>
        </include>
        <include>Defs_ScrollSuffix</include>
    </default>

    <default type="textbox">
        <align>left</align>
        <font>font_main</font>
        <textcolor>main_fg_70</textcolor>
        <selectedcolor>main_fg_70</selectedcolor>
        <autoscroll delay="6000" time="3000" repeat="10000">!Skin.HasSetting(Textboxes.DisableAutoscroll)</autoscroll>
    </default>

    <default type="button">
        <align>center</align>
        <aligny>center</aligny>
        <font>font_mini</font>
        <textoffsetx>30</textoffsetx>
        <textcolor>main_fg_70</textcolor>
        <selectedcolor>main_fg_70</selectedcolor>
        <focusedcolor>$VAR[ColorSelected]</focusedcolor>
        <disabledcolor>main_fg_30</disabledcolor>
        <include>Texture_Button</include>
        <pulseonselect>false</pulseonselect>
        <include>Defs_ScrollSuffix</include>
    </default>

    <include name="defs_dialog_button">
        <textcolor>dialog_fg_70</textcolor>
        <selectedcolor>dialog_fg_70</selectedcolor>
        <disabledcolor>dialog_fg_30</disabledcolor>
        <texturenofocus colordiffuse="$VAR[Color_DialogBorder]" border="40">common/menu.png</texturenofocus>
    </include>

    <default type="colorbutton">
        <align>center</align>
        <aligny>center</aligny>
        <font>font_mini</font>
        <textoffsetx>30</textoffsetx>
        <textcolor>main_fg_70</textcolor>
        <selectedcolor>main_fg_70</selectedcolor>
        <focusedcolor>$VAR[ColorSelected]</focusedcolor>
        <disabledcolor>main_fg_30</disabledcolor>
        <include>Texture_Button</include>
        <colorwidth>84</colorwidth>
        <colorheight>24</colorheight>
        <texturecolormask>buttons/colorpicker.png</texturecolormask>
        <texturecolordisabledmask colordiffuse="main_fg_30">buttons/colorpicker.png</texturecolordisabledmask>
        <pulseonselect>false</pulseonselect>
        <include>Defs_ScrollSuffix</include>
    </default>

    <default type="edit">
        <align>center</align>
        <aligny>center</aligny>
        <font>font_mini</font>
        <textoffsetx>30</textoffsetx>
        <textcolor>main_fg_70</textcolor>
        <selectedcolor>main_fg_70</selectedcolor>
        <focusedcolor>$VAR[ColorSelected]</focusedcolor>
        <disabledcolor>main_fg_30</disabledcolor>
        <include>Texture_Button</include>
        <pulseonselect>false</pulseonselect>
        <include>Defs_ScrollSuffix</include>
    </default>

    <include name="defs_dialog_edit">
        <include>defs_dialog_button</include>
    </include>

    <default type="progress">
        <texturebg colordiffuse="2f5f5f5f" border="12,0,12,0">progress/progress-nib.png</texturebg>
        <lefttexture />
        <midtexture colordiffuse="$VAR[ColorHighlight]" border="12,0,12,0">progress/progress-nib.png</midtexture>
        <righttexture />
        <overlaytexture/>
    </default>

    <default type="radiobutton">
        <align>center</align>
        <aligny>center</aligny>
        <font>font_mini</font>
        <textoffsetx>30</textoffsetx>
        <textcolor>main_fg_70</textcolor>
        <focusedcolor>$VAR[ColorSelected]</focusedcolor>
        <disabledcolor>main_fg_30</disabledcolor>
        <include>Texture_Button</include>
        <pulseonselect>false</pulseonselect>
        <radiowidth>86</radiowidth>
        <radioheight>28</radioheight>
        <texturenofocus/>
        <textureradioondisabled colordiffuse="main_fg_12">buttons/check-on.png</textureradioondisabled>
        <textureradiooffdisabled colordiffuse="main_fg_12">buttons/check-off.png</textureradiooffdisabled>
        <textureradioonfocus colordiffuse="$VAR[ColorSelected]">buttons/check-on.png</textureradioonfocus>
        <textureradioofffocus colordiffuse="$VAR[ColorSelected]">buttons/check-off.png</textureradioofffocus>
        <textureradioonnofocus colordiffuse="main_fg_70">buttons/check-on.png</textureradioonnofocus>
        <textureradiooffnofocus colordiffuse="main_fg_70">buttons/check-off.png</textureradiooffnofocus>
        <include>Defs_ScrollSuffix</include>
    </default>

    <include name="defs_dialog_radiobutton">
        <include>defs_dialog_button</include>
        <textureradioondisabled colordiffuse="$VAR[Color_DialogBorder]">buttons/check-on.png</textureradioondisabled>
        <textureradiooffdisabled colordiffuse="$VAR[Color_DialogBorder]">buttons/check-off.png</textureradiooffdisabled>
        <textureradioonnofocus colordiffuse="dialog_fg_70">buttons/check-on.png</textureradioonnofocus>
        <textureradiooffnofocus colordiffuse="dialog_fg_70">buttons/check-off.png</textureradiooffnofocus>
    </include>

    <default type="spincontrol">
        <align>center</align>
        <aligny>center</aligny>
        <font>font_mini</font>
        <textoffsetx>30</textoffsetx>
        <textcolor>main_fg_70</textcolor>
        <focusedcolor>$VAR[ColorSelected]</focusedcolor>
        <disabledcolor>main_fg_30</disabledcolor>
        <include>Texture_Button</include>
        <pulseonselect>false</pulseonselect>
        <textureup flipy="true" colordiffuse="main_soft">buttons/triangle-down.png</textureup>
        <texturedown colordiffuse="main_soft">buttons/triangle-down.png</texturedown>
        <textureupfocus flipy="true" colordiffuse="$VAR[ColorSelected]">buttons/triangle-down.png</textureupfocus>
        <texturedownfocus colordiffuse="$VAR[ColorSelected]">buttons/triangle-down.png</texturedownfocus>
        <textureupdisabled flipy="true" colordiffuse="main_soft">buttons/triangle-down.png</textureupdisabled>
        <texturedowndisabled colordiffuse="main_soft">buttons/triangle-down.png</texturedowndisabled>
        <spinwidth>30</spinwidth>
        <spinheight>30</spinheight>
        <reverse>yes</reverse>
        <include>Defs_ScrollSuffix</include>
    </default>
    <default type="spincontrolex">
        <align>center</align>
        <aligny>center</aligny>
        <font>font_mini</font>
        <textoffsetx>30</textoffsetx>
        <textcolor>main_fg_70</textcolor>
        <focusedcolor>$VAR[ColorSelected]</focusedcolor>
        <disabledcolor>main_fg_30</disabledcolor>
        <include>Texture_Button</include>
        <pulseonselect>false</pulseonselect>
        <textureup flipy="true" colordiffuse="main_soft">buttons/triangle-down.png</textureup>
        <texturedown colordiffuse="main_soft">buttons/triangle-down.png</texturedown>
        <textureupfocus flipy="true" colordiffuse="$VAR[ColorSelected]">buttons/triangle-down.png</textureupfocus>
        <texturedownfocus colordiffuse="$VAR[ColorSelected]">buttons/triangle-down.png</texturedownfocus>
        <textureupdisabled flipy="true" colordiffuse="main_soft">buttons/triangle-down.png</textureupdisabled>
        <texturedowndisabled colordiffuse="main_soft">buttons/triangle-down.png</texturedowndisabled>
        <reverse>yes</reverse>
        <spinwidth>30</spinwidth>
        <spinheight>30</spinheight>
        <include>Defs_ScrollSuffix</include>
    </default>
    <include name="defs_dialog_spincontrolex">
        <include>defs_dialog_button</include>
        <textureup flipy="true" colordiffuse="main_soft">buttons/triangle-down.png</textureup>
        <texturedown colordiffuse="main_soft">buttons/triangle-down.png</texturedown>
        <textureupdisabled flipy="true" colordiffuse="main_soft">buttons/triangle-down.png</textureupdisabled>
        <texturedowndisabled colordiffuse="main_soft">buttons/triangle-down.png</texturedowndisabled>
    </include>

    <default type="slider">
        <align>center</align>
        <aligny>center</aligny>
        <font>font_mini</font>
        <textoffsetx>30</textoffsetx>
        <textcolor>main_fg_70</textcolor>
        <focusedcolor>$VAR[ColorSelected]</focusedcolor>
        <disabledcolor>main_fg_30</disabledcolor>
        <include>Texture_Button</include>
        <pulseonselect>false</pulseonselect>
        <sliderwidth>192</sliderwidth>
        <sliderheight>12</sliderheight>
        <pulseonselect>false</pulseonselect>
        <texturesliderbar colordiffuse="main_soft" border="6">slider/slider_bg.png</texturesliderbar>
        <textureslidernib colordiffuse="main_hard" border="6">slider/slider_nib.png</textureslidernib>
        <textureslidernibfocus colordiffuse="$VAR[ColorHighlight]" border="6">slider/slider_nib.png</textureslidernibfocus>
        <orientation>horizontal</orientation>
        <include>Defs_ScrollSuffix</include>
    </default>
    <default type="sliderex">
        <align>center</align>
        <aligny>center</aligny>
        <font>font_mini</font>
        <textoffsetx>30</textoffsetx>
        <textcolor>main_fg_70</textcolor>
        <focusedcolor>$VAR[ColorSelected]</focusedcolor>
        <disabledcolor>main_fg_30</disabledcolor>
        <include>Texture_Button</include>
        <pulseonselect>false</pulseonselect>
        <sliderwidth>120</sliderwidth>
        <sliderheight>12</sliderheight>
        <pulseonselect>false</pulseonselect>
        <texturesliderbar colordiffuse="main_soft" border="6">slider/slider_bg.png</texturesliderbar>
        <textureslidernib colordiffuse="main_hard" border="6">slider/slider_nib.png</textureslidernib>
        <textureslidernibfocus colordiffuse="$VAR[ColorSelected]" border="6">slider/slider_nib.png</textureslidernibfocus>
        <orientation>horizontal</orientation>
        <include>Defs_ScrollSuffix</include>
    </default>
    <include name="defs_dialog_sliderex">
        <include>defs_dialog_button</include>
        <texturesliderbar colordiffuse="main_soft" border="6">slider/slider_bg.png</texturesliderbar>
        <textureslidernib colordiffuse="main_hard" border="6">slider/slider_nib.png</textureslidernib>
    </include>

    <default type="togglebutton">
        <align>center</align>
        <aligny>center</aligny>
        <font>font_mini</font>
        <textoffsetx>30</textoffsetx>
        <textcolor>main_fg_70</textcolor>
        <focusedcolor>$VAR[ColorSelected]</focusedcolor>
        <disabledcolor>main_fg_30</disabledcolor>
        <include>Texture_Button</include>
        <include>Texture_ToggleButton</include>
        <pulseonselect>false</pulseonselect>
        <include>Defs_ScrollSuffix</include>
    </default>

    <include name="defs_dialog_togglebutton">
        <include>defs_dialog_button</include>
    </include>

    <default type="grouplist">
        <scrolltime tween="quadratic">400</scrolltime>
        <usecontrolcoords>true</usecontrolcoords>
        <itemgap>0</itemgap>
    </default>

    <default type="scrollbar">
        <texturesliderbackground colordiffuse="00ffffff" border="4">scrollbar/scrollv.png</texturesliderbackground>
        <texturesliderbar colordiffuse="main_back" border="4">scrollbar/scrollv.png</texturesliderbar>
        <include>Texture_Scrollbar_V</include>
        <textureslidernib/>
        <textureslidernibfocus/>
        <showonepage>false</showonepage>
        <orientation>vertical</orientation>
    </default>

    <variable name="Defs_ScreensaverWidget">
        <value condition="!String.IsEmpty(Skin.String(screensaver.arctic.mirage.path))">$INFO[Skin.String(screensaver.arctic.mirage.path)]</value>
        <value>special://skin/extras/playlists/RandomMovies.xsp</value>
    </variable>

    <include name="Defs_ScrollSuffix">
        <scrollsuffix> </scrollsuffix>
        <scrollspeed>40</scrollspeed>
    </include>

    <include name="Defs_PauseAtEnd_Value">
        <pauseatend>$PARAM[time]</pauseatend>
    </include>

    <include name="Defs_PauseAtEnd">
        <include content="Defs_AutoScroll">
            <param name="include">Defs_PauseAtEnd_Value</param>
        </include>
    </include>

    <include name="Defs_TimePerImage_Value">
        <timeperimage>$PARAM[time]</timeperimage>
    </include>

    <include name="Defs_TimePerImage">
        <include content="Defs_AutoScroll">
            <param name="include">Defs_TimePerImage_Value</param>
        </include>
    </include>

    <include name="Defs_AutoScroll_Value">
        <autoscroll time="$PARAM[time]">$PARAM[condition]</autoscroll>
    </include>

    <include name="Defs_AutoScroll">
        <param name="include">Defs_AutoScroll_Value</param>
        <param name="parent_condition">![Window.IsVisible(DialogVideoInfo.xml) | Window.IsVisible(DialogMusicInfo.xml) | Window.IsVisible(DialogContextMenu.xml) | Window.IsVisible(1113) | Window.IsVisible(1123) | Window.IsVisible(1163) | Window.IsVisible(script-wikipedia.xml) | Window.IsVisible(DialogSelect.xml) | Window.IsVisible(DialogBusy.xml) | Window.IsVisible(DialogVideoManager.xml) | Window.IsVisible(DialogTextViewer.xml) | Window.IsVisible(DialogPictureInfo.xml) | Window.IsVisible(DialogPVRInfo.xml) | Window.IsVisible(1160) | Window.IsVisible(1161) | Window.IsVisible(1170) | System.ScreenSaverActive]</param>
        <definition>
            <include content="$PARAM[include]" condition="String.IsEqual(Skin.String(AutoScrollTime),5s)">
                <param name="time">5000</param>
                <param name="alarm">00:05</param>
                <param name="condition">[$PARAM[condition]] + $PARAM[parent_condition]</param>
            </include>
            <include content="$PARAM[include]" condition="String.IsEqual(Skin.String(AutoScrollTime),8s)">
                <param name="time">8000</param>
                <param name="alarm">00:08</param>
                <param name="condition">[$PARAM[condition]] + $PARAM[parent_condition]</param>
            </include>
            <include content="$PARAM[include]" condition="String.IsEqual(Skin.String(AutoScrollTime),10s)">
                <param name="time">10000</param>
                <param name="alarm">00:10</param>
                <param name="condition">[$PARAM[condition]] + $PARAM[parent_condition]</param>
            </include>
            <include content="$PARAM[include]" condition="String.IsEqual(Skin.String(AutoScrollTime),12s) | String.IsEmpty(Skin.String(AutoScrollTime))">
                <param name="time">12000</param>
                <param name="alarm">00:12</param>
                <param name="condition">[$PARAM[condition]] + $PARAM[parent_condition]</param>
            </include>
            <include content="$PARAM[include]" condition="String.IsEqual(Skin.String(AutoScrollTime),15s)">
                <param name="time">15000</param>
                <param name="alarm">00:15</param>
                <param name="condition">[$PARAM[condition]] + $PARAM[parent_condition]</param>
            </include>
            <include content="$PARAM[include]" condition="String.IsEqual(Skin.String(AutoScrollTime),20s)">
                <param name="time">20000</param>
                <param name="alarm">00:20</param>
                <param name="condition">[$PARAM[condition]] + $PARAM[parent_condition]</param>
            </include>
            <include content="$PARAM[include]" condition="String.IsEqual(Skin.String(AutoScrollTime),30s)">
                <param name="time">30000</param>
                <param name="alarm">00:30</param>
                <param name="condition">[$PARAM[condition]] + $PARAM[parent_condition]</param>
            </include>
            <include content="$PARAM[include]" condition="String.IsEqual(Skin.String(AutoScrollTime),60s)">
                <param name="time">60000</param>
                <param name="alarm">01:00</param>
                <param name="condition">[$PARAM[condition]] + $PARAM[parent_condition]</param>
            </include>
            <include content="$PARAM[include]" condition="String.IsEqual(Skin.String(AutoScrollTime),10m)">
                <param name="time">600000</param>
                <param name="alarm">10:00</param>
                <param name="condition">[$PARAM[condition]] + $PARAM[parent_condition]</param>
            </include>
        </definition>
    </include>

    <variable name="Defs_BrowseLimitedLists">
        <value condition="!Skin.HasSetting(Widgets.EnableShowMore)">never</value>
        <value>auto</value>
    </variable>

    <include name="Defs_Label_FooterItem">
        <top>25</top>
        <width>auto</width>
        <aligny>center</aligny>
        <height>20</height>
        <textcolor>main_fg_70</textcolor>
        <font>font_tiny</font>
        <textoffsetx>0</textoffsetx>
    </include>

    <include name="Defs_OSD_Button">
        <param name="autoclose">true</param>
        <param name="back_colordiffuse">00ffffff</param>
        <definition>
            <height>80</height>
            <width>80</width>
            <include>Texture_Circle_Highlight_Focus_V</include>
            <texturenofocus colordiffuse="$PARAM[back_colordiffuse]">common/circle.png</texturenofocus>
            <include condition="$PARAM[autoclose]">Action_OSD_Button</include>
            <textcolor>panel_fg_70</textcolor>
            <focusedcolor>$VAR[ColorSelected]</focusedcolor>
            <font>font_hint</font>
            <align>center</align>
            <aligny>top</aligny>
            <textoffsety>45</textoffsety>
            <textoffsetx>0</textoffsetx>
        </definition>
    </include>

    <variable name="RatingOverlay_Source_Label">
        <value condition="Skin.HasSetting(RatingOverlaySource.TMDb)">TMDb</value>
        <value condition="Skin.HasSetting(RatingOverlaySource.IMDb)">IMDb</value>
        <value condition="Skin.HasSetting(RatingOverlaySource.Trakt)">Trakt</value>
        <value condition="Skin.HasSetting(RatingOverlaySource.Metacritic)">Metacritic</value>
        <value condition="Skin.HasSetting(RatingOverlaySource.RottenTomatoes)">Rotten Tomatoes</value>
        <value condition="Skin.HasSetting(RatingOverlaySource.RottenTomatoesUser)">Rotten Tomatoes User</value>
        <value condition="Skin.HasSetting(RatingOverlaySource.MDBList)">MDBList</value>
        <value condition="Skin.HasSetting(RatingOverlaySource.Letterboxd)">Letterboxd</value>
        <value>Default</value>
    </variable>

    <variable name="RatingOverlay_Source">
        <value condition="Skin.HasSetting(RatingOverlaySource.TMDb) + !String.IsEmpty(Window(Home).Property(TMDbHelper.ListItem.TMDb_Rating))">$INFO[Window(Home).Property(TMDbHelper.ListItem.TMDb_Rating)]</value>
        <value condition="Skin.HasSetting(RatingOverlaySource.TMDb) + !String.IsEmpty(ListItem.Property(tmdb_rating))">$INFO[ListItem.Property(tmdb_rating)]</value>
        <value condition="Skin.HasSetting(RatingOverlaySource.IMDb) + !String.IsEmpty(Window(Home).Property(TMDbHelper.ListItem.IMDb_Rating))">$INFO[Window(Home).Property(TMDbHelper.ListItem.IMDb_Rating)]</value>
        <value condition="Skin.HasSetting(RatingOverlaySource.IMDb) + !String.IsEmpty(ListItem.Property(imdb_rating))">$INFO[ListItem.Property(imdb_rating)]</value>
        <value condition="Skin.HasSetting(RatingOverlaySource.Trakt) + !String.IsEmpty(Window(Home).Property(TMDbHelper.ListItem.Trakt_Rating))">$INFO[Window(Home).Property(TMDbHelper.ListItem.Trakt_Rating)]</value>
        <value condition="Skin.HasSetting(RatingOverlaySource.Trakt) + !String.IsEmpty(ListItem.Property(trakt_rating))">$INFO[ListItem.Property(trakt_rating)]</value>
        <value condition="Skin.HasSetting(RatingOverlaySource.Metacritic) + !String.IsEmpty(Window(Home).Property(TMDbHelper.ListItem.MetaCritic_Rating))">$INFO[Window(Home).Property(TMDbHelper.ListItem.MetaCritic_Rating)]</value>
        <value condition="Skin.HasSetting(RatingOverlaySource.Metacritic) + !String.IsEmpty(ListItem.Property(metacritic_rating))">$INFO[ListItem.Property(metacritic_rating)]</value>
        <value condition="Skin.HasSetting(RatingOverlaySource.RottenTomatoes) + !String.IsEmpty(Window(Home).Property(TMDbHelper.ListItem.RottenTomatoes_Rating))">$INFO[Window(Home).Property(TMDbHelper.ListItem.RottenTomatoes_Rating)]</value>
        <value condition="Skin.HasSetting(RatingOverlaySource.RottenTomatoes) + !String.IsEmpty(ListItem.Property(rottentomatoes_rating))">$INFO[ListItem.Property(rottentomatoes_rating)]</value>
        <value condition="Skin.HasSetting(RatingOverlaySource.RottenTomatoesUser) + !String.IsEmpty(Window(Home).Property(TMDbHelper.ListItem.RottenTomatoes_UserMeter))">$INFO[Window(Home).Property(TMDbHelper.ListItem.RottenTomatoes_UserMeter)]</value>
        <value condition="Skin.HasSetting(RatingOverlaySource.RottenTomatoesUser) + !String.IsEmpty(ListItem.Property(rottentomatoesuser_rating))">$INFO[ListItem.Property(rottentomatoesuser_rating)]</value>
        <value condition="Skin.HasSetting(RatingOverlaySource.MDBList) + !String.IsEmpty(Window(Home).Property(TMDbHelper.ListItem.MDBList_Rating))">$INFO[Window(Home).Property(TMDbHelper.ListItem.MDBList_Rating)]</value>
        <value condition="Skin.HasSetting(RatingOverlaySource.MDBList) + !String.IsEmpty(ListItem.Property(mdblist_rating))">$INFO[ListItem.Property(mdblist_rating)]</value>
        <value condition="Skin.HasSetting(RatingOverlaySource.Letterboxd) + !String.IsEmpty(Window(Home).Property(TMDbHelper.ListItem.Letterboxd_Rating))">$INFO[Window(Home).Property(TMDbHelper.ListItem.Letterboxd_Rating)]</value>
        <value condition="Skin.HasSetting(RatingOverlaySource.Letterboxd) + !String.IsEmpty(ListItem.Property(letterboxd_rating))">$INFO[ListItem.Property(letterboxd_rating)]</value>
        <value>$INFO[ListItem.Rating]</value>
    </variable>

    <variable name="Defs_Progress_Rating">
        <value condition="Integer.IsGreater(ListItem.Rating,9.5)">100</value>
        <value condition="Integer.IsGreater(ListItem.Rating,9.0) + !Integer.IsGreater(ListItem.Rating,9.5)">95</value>
        <value condition="Integer.IsGreater(ListItem.Rating,8.5) + !Integer.IsGreater(ListItem.Rating,9.0)">90</value>
        <value condition="Integer.IsGreater(ListItem.Rating,8.0) + !Integer.IsGreater(ListItem.Rating,8.5)">85</value>
        <value condition="Integer.IsGreater(ListItem.Rating,7.5) + !Integer.IsGreater(ListItem.Rating,8.0)">80</value>
        <value condition="Integer.IsGreater(ListItem.Rating,7.0) + !Integer.IsGreater(ListItem.Rating,7.5)">75</value>
        <value condition="Integer.IsGreater(ListItem.Rating,6.5) + !Integer.IsGreater(ListItem.Rating,7.0)">70</value>
        <value condition="Integer.IsGreater(ListItem.Rating,6.0) + !Integer.IsGreater(ListItem.Rating,6.5)">65</value>
        <value condition="Integer.IsGreater(ListItem.Rating,5.5) + !Integer.IsGreater(ListItem.Rating,6.0)">60</value>
        <value condition="Integer.IsGreater(ListItem.Rating,5.0) + !Integer.IsGreater(ListItem.Rating,5.5)">55</value>
        <value condition="Integer.IsGreater(ListItem.Rating,4.5) + !Integer.IsGreater(ListItem.Rating,5.0)">50</value>
        <value condition="Integer.IsGreater(ListItem.Rating,4.0) + !Integer.IsGreater(ListItem.Rating,4.5)">45</value>
        <value condition="Integer.IsGreater(ListItem.Rating,3.5) + !Integer.IsGreater(ListItem.Rating,4.0)">40</value>
        <value condition="Integer.IsGreater(ListItem.Rating,3.0) + !Integer.IsGreater(ListItem.Rating,3.5)">35</value>
        <value condition="Integer.IsGreater(ListItem.Rating,2.5) + !Integer.IsGreater(ListItem.Rating,3.0)">30</value>
        <value condition="Integer.IsGreater(ListItem.Rating,2.0) + !Integer.IsGreater(ListItem.Rating,2.5)">25</value>
        <value condition="Integer.IsGreater(ListItem.Rating,1.5) + !Integer.IsGreater(ListItem.Rating,2.0)">20</value>
        <value condition="Integer.IsGreater(ListItem.Rating,1.0) + !Integer.IsGreater(ListItem.Rating,1.5)">15</value>
        <value condition="Integer.IsGreater(ListItem.Rating,0.5) + !Integer.IsGreater(ListItem.Rating,1.0)">10</value>
        <value condition="Integer.IsGreater(ListItem.Rating,0.0) + !Integer.IsGreater(ListItem.Rating,0.5)">5</value>
        <value>0</value>
    </variable>


</includes>
