<?xml version="1.0" encoding="UTF-8"?>
<window type="dialog" id="1173">
    <defaultcontrol always="true">61</defaultcontrol>
    <onload>SetProperty(TMDbHelper.ServicePause,1)</onload>
    <includes> <!--Requirements-->
        <include name="Dialog_Background">
            <param name="shadows" default="true" />
            <param name="overlay" default="false" />
            <param name="overlay_texture" default="special://skin/fanart.jpg" />
            <param name="overlay_fallback" default="special://skin/fanart.jpg" />
            <param name="overlay_colordiffuse" default="overlay_hard" />
            <param name="overlay_visible" default="true" />
            <param name="overlay_animation" default="true" />
            <definition>
                <control type="group">
                    <control type="image">
                        <include condition="$PARAM[shadows]">Texture_Shadow_20</include>
                        <include>Texture_Dialog</include>
                    </control>
                    <include content="Object_Control" condition="$PARAM[overlay]">
                        <param name="control" value="image" />
                        <aspectratio scalediffuse="false">scale</aspectratio>
                        <texture background="true" colordiffuse="$PARAM[overlay_colordiffuse]" diffuse="diffuse/dialog_w1760_h800.png" fallback="$PARAM[overlay_fallback]">$PARAM[overlay_texture]</texture>
                        <include condition="$PARAM[overlay_animation]">Animation_FadeIn_Delay</include>
                        <include condition="$PARAM[overlay_animation]">Animation_FadeOut</include>
                        <visible>$PARAM[overlay_visible]</visible>
                    </include>
                    <nested />
                </control>
            </definition>
        </include>
        <include name="Object_Overlay">
            <param name="windowanimation" default="true" />
            <definition>
                <control type="image">
                    <nested />
                    <include content="Animation_Overlay_FadeIn" condition="$PARAM[windowanimation]">
                        <param name="delay" value="$PARAM[delay]" />
                    </include>
                    <include content="Texture_Control">
                        <param name="texture" value="common/dim-overlay.png" />
                    </include>
                </control>
            </definition>
        </include>
        <include name="Texture_Control">
            <texture colordiffuse="$PARAM[colordiffuse]" flipx="$PARAM[flipx]" flipy="$PARAM[flipy]">$PARAM[texture]</texture>
        </include>
        <include name="Dimension_Context">
            <centerleft>50%</centerleft>
            <centertop>dialog_tall_centertop</centertop>
            <width>1030.4</width>
            <height>720</height>
        </include>
        <include name="Dialog_ContextMenu_Header">
            <include content="Dialog_Header">
                <param name="id" value="7000" />
                <nested />
                <label>$VAR[Label_ContextMenu_Title]</label>
            </include>
        </include>
        <include name="Dialog_Context_Image">
            <param name="right" default="context_icon_w" />
            <param name="icon" default="$VAR[Image_ContextPoster]" />
            <definition>
                <control type="group">
                    <right>$PARAM[right]</right>
                    <include content="Dialog_Overlay">
                        <param name="flipx" value="true" />
                    </include>
                    <include content="Object_Separator">
                        <right>0</right>
                    </include>
                    <include content="Dialog_Group">
                        <include content="Object_BigPoster">
                            <param name="diffuse" value="$PARAM[diffuse]" />
                            <param name="icon" value="$PARAM[icon]" />
                            <param name="colordiffuse" value="shadow_soft" />
                            <param name="posterback_colordiffuse" value="$PARAM[posterback_colordiffuse]" />
                            <param name="aspectratio" value="$PARAM[aspectratio]" />
                        </include>
                    </include>
                </control>
            </definition>
        </include>
        <include name="Object_Separator">
            <param name="colordiffuse" default="dialog_fg_12" />
            <param name="horizontal" default="false" />
            <definition>
                <include content="Object_Control" condition="!$PARAM[horizontal]">
                    <param name="control" value="image" />
                    <nested />
                    <width>1</width>
                    <texture colordiffuse="$PARAM[colordiffuse]">common/white.png</texture>
                </include>
                <include content="Object_Control" condition="$PARAM[horizontal]">
                    <param name="control" value="image" />
                    <nested />
                    <height>1</height>
                    <texture colordiffuse="$PARAM[colordiffuse]">common/white.png</texture>
                </include>
            </definition>
        </include>
        <include name="Dialog_Group">
            <param name="control" default="group" />
            <definition>
                <control type="$PARAM[control]" id="$PARAM[id]">
                    <nested />
                    <left>dialog_pad</left>
                    <right>dialog_pad</right>
                    <bottom>dialog_pad</bottom>
                    <top>dialog_pad</top>
                </control>
            </definition>
        </include>
        <include name="Dialog_Scrollbar">
            <param name="id" default="61" />
            <definition>
                <control type="scrollbar" id="$PARAM[id]">
                    <nested />
                    <right>-4</right>
                    <width>8</width>
                    <animation effect="fade" condition="!Control.HasFocus($PARAM[id]) + !Skin.HasSetting(TouchMode)" start="100" end="0" time="200">Conditional</animation>
                </control>
            </definition>
        </include>
        <include name="Texture_Dialog">
            <texture border="16" colordiffuse="dialog_bg_100">common/dialog.png</texture>
        </include>
    </includes>
    
    <controls>
        <include content="Object_Overlay">
            <param name="delay" value="300" />
        </include>
        <control type="group">
            <include content="Animation_SlideIn_Dialog">
                <param name="windowopen_delay" value="600" />
            </include>
            <include>Animation_FadeOut</include>
            <include content="Object_Width" condition="$EXP[Exp_ContextMenu_HasPoster]">
                <param name="width">1440</param>
            </include>
            <include content="Object_Width" condition="!$EXP[Exp_ContextMenu_HasPoster]">
                <param name="width">1645</param>
            </include>
            <include>Dimension_Context</include>
            <include>Dialog_ContextMenu_Header</include>

            <!-- Poster Image -->
            <control type="group">
                <include content="Dialog_Background">
                    <param name="overlay" value="true" />
                    <param name="overlay_texture" value="$VAR[Image_ContextFanart]" />
                    <include content="Dialog_Context_Image" condition="$EXP[Exp_ContextMenu_HasPoster]">
                        <param name="diffuse" value="diffuse/poster_w435_h640.png" />
                        <param name="icon" value="$VAR[Image_ContextPoster]" />
                        <param name="right" value="925" />
                    </include>
                    <include content="Dialog_Context_Image" condition="!$EXP[Exp_ContextMenu_HasPoster]">
                        <param name="diffuse" value="diffuse/poster_w640_h640.png" />
                        <param name="aspectratio" value="keep" />
                        <param name="icon" value="$VAR[Image_ContextPoster]" />
                        <param name="right" value="925" />
                    </include>
                </include>
            </control>

            <!-- Menu -->
            <control type="group">
                <right>0</right>
                <width>925</width>
                <include content="Object_MenuHeader">
                    <param name="label" value="[B]$INFO[Window(home).Property(ParentalGuide.Desc.section)][/B]  ($INFO[Window(home).Property(ParentalGuide.Sec.Cat)] - $INFO[Window(home).Property(ParentalGuide.Votes.section)])" />
                    <param name="font" value="font_medium_bold" />
                </include>
                <include content="Object_Control">
                    <param name="control" value="textbox" />
                    <top>40</top>
                    <left>40</left>
                    <bottom>40</bottom>
                    <right>40</right>
                    <align>left</align>
                    <textcolor>dialog_fg_70</textcolor>
                    <font>font_plotbox_dialog</font>
                    <label fallback="19055">[CR]$INFO[Window(home).Property(ParentalGuide.Desc.Summary)]</label>
                    <pagecontrol>61</pagecontrol>
                    <autoscroll delay="8000" time="4000" repeat="12000">false</autoscroll>
                </include>
                <include content="Dialog_Scrollbar">
                    <right>0</right>
                    <top>0</top>
                    <onright>Close</onright>
                    <onleft>Close</onleft>
                    <showonepage>true</showonepage>
                    <visible allowhiddenfocus="true">false</visible>
                </include>
            </control>
        </control>
    </controls>
</window>