<?xml version="1.0" encoding="UTF-8"?>
<window type="dialog">
    <include content="Object_DefaultControl">
        <param name="always">true</param>
        <param name="defaultcontrol">8000</param>
    </include>

    <menucontrol>9000</menucontrol>

    <include>DialogInfo_Onload</include>

    <onload>SetProperty(TMDbHelper.EnableExtendedProperties,True)</onload>
    <onload>SetProperty(BaseID,$INFO[ListItem.Label]$INFO[ListItem.FolderPath])</onload>
    <onload>RunScript(special://home/addons/script.parentalguide/NudityCheck.py,)</onload>
    <!-- <onunload>RunScript(special://home/addons/script.parentalguide/ClearProperties.py,)</onunload> -->

    <controls>

        <control type="button" id="8000">
            <texturenofocus />
            <texturefocus />
            <font />
            <ondown>5000</ondown>
            <onfocus condition="!String.IsEqual(ListItem.Property(tmdb_type),person)">SetFocus(4001)</onfocus>
            <onright condition="!String.IsEqual(ListItem.Property(tmdb_type),person)">4001</onright>
            <onleft condition="!String.IsEqual(ListItem.Property(tmdb_type),person)">4001</onleft>
            <onleft condition="String.IsEqual(ListItem.Property(tmdb_type),person) + $EXP[Exp_TMDbHelper_IsData]">ActivateWindow(1113)</onleft>
            <onright condition="String.IsEqual(ListItem.Property(tmdb_type),person) + $EXP[Exp_TMDbHelper_IsData]">ActivateWindow(1113)</onright>
            <onup condition="$EXP[Exp_TMDbHelper_IsData]">ActivateWindow(1113)</onup>
            <onfocus>ClearProperty(Background.DialogInfo.HideArtwork,Home)</onfocus>
            <onclick condition="String.IsEqual(ListItem.Property(tmdb_type),person) + $EXP[Exp_TMDbHelper_IsData]">ActivateWindow(1113)</onclick>
            <onclick condition="!String.IsEqual(ListItem.Property(tmdb_type),person)">SendClick(8)</onclick>
            <onclick condition="!String.IsEqual(ListItem.Property(tmdb_type),person)">RunScript(plugin.video.themoviedb.helper,close_dialog=1190)</onclick>
        </control>



        <include condition="Window.IsVisible(fullscreenvideo)">OSD_VideoBackground_Dialog</include>

        <control type="group">
            <include>DialogInfo_Main_Group</include>
            <control type="group">
                <include>DialogInfo_Body_Group</include>
                <control type="group">
                    <include content="DialogInfo_Info_Group">
                        <param name="extended_include">DialogInfo_VideoDetails</param>
                        <param name="plotwidth">1080</param>
                    </include>
                </control>
            </control>
            <include>Furniture_Footer_Right</include>
        </control>

        <control type="group">
            <include>DialogInfo_Animation_Down</include>
            <include>DialogInfo_Widget_Group</include>
            <control type="grouplist" id="5000">
                <include>DialogInfo_Widget_Grouplist</include>

                <onup>8000</onup>
                <onback>8000</onback>
                <ondown>330</ondown>

                <include condition="!String.IsEqual(ListItem.Property(tmdb_type),person)">DialogInfo_VideoWidgets</include>
                <include condition="String.IsEqual(ListItem.Property(tmdb_type),person)">DialogInfo_PersonWidgets</include>
                <include condition="!Skin.HasSetting(VideoInfo.Widgets.DisableGallery)">DialogInfo_GalleryWidget</include>


                <include>Widget_End_Bumper</include>
            </control>
        </control>

        <include content="Object_Hidden_Button">
            <param name="id">6</param>
        </include>
        <include content="Object_Hidden_Button">
            <param name="id">7</param>
        </include>
        <include content="Object_Hidden_Button">
            <param name="id">10</param>
        </include>
        <include content="Object_Hidden_Button">
            <param name="id">15</param>
        </include>


    </controls>
</window>
