<?xml version="1.0" encoding="UTF-8"?>
<includes>
    <!-- Generated by script.skinvariables - Manual Test Version -->
    
    <!-- Standard Widgets -->
    <include name="skinvariables-homewidgets-standard">
        <control type="grouplist" id="602">
            <onfocus>SetFocus(302)</onfocus>
            
            <!-- Custom Tabbar Widget - Uses Custom Rendering -->
            <include content="Hub_Widget_Switcher">
                <param name="include_content">skinvariables-homewidgets-tabbar-guid-80449fcf-items</param>
            </include>
            <control type="group" id="500">
                <include content="Hub_Combined_Widgets_Grouplist">
                    <include>skinvariables-homewidgets-tabbar-guid-80449fcf-widgets</include>
                </include>
            </control>
            
        </control>
    </include>
    
    <!-- Custom Tabbar Tab Items -->
    <include name="skinvariables-homewidgets-tabbar-guid-80449fcf-items">
        <item>
            <label>Ezra</label>
            <property name="guid">tab-0</property>
            <property name="widget_id">$NUMBER[501]</property>
            <property name="show_overlay">true</property>
            <onclick condition="String.IsEmpty(ListItem.Property(target))">$INFO[ListItem.FolderPath]</onclick>
            <onclick condition="!String.IsEmpty(ListItem.Property(target))">ActivateWindow($INFO[ListItem.Property(target)],$INFO[ListItem.FolderPath],return)</onclick>
            <visible>!Integer.IsEqual(Container(501).NumItems,0) | Container(501).IsUpdating</visible>
        </item>
        <item>
            <label>Matrix</label>
            <property name="guid">tab-1</property>
            <property name="widget_id">$NUMBER[502]</property>
            <property name="show_overlay">true</property>
            <onclick condition="String.IsEmpty(ListItem.Property(target))">$INFO[ListItem.FolderPath]</onclick>
            <onclick condition="!String.IsEmpty(ListItem.Property(target))">ActivateWindow($INFO[ListItem.Property(target)],$INFO[ListItem.FolderPath],return)</onclick>
            <visible>!Integer.IsEqual(Container(502).NumItems,0) | Container(502).IsUpdating</visible>
        </item>
    </include>

    <!-- Custom Tabbar Widgets -->
    <include name="skinvariables-homewidgets-tabbar-guid-80449fcf-widgets">
        <include content="Hub_Wall_Widget">
            <param name="id">501</param>
            <param name="content">plugin://plugin.video.ezra</param>
            <param name="include">List_App_Row</param>
            <param name="target">videos</param>
            <param name="sortby"></param>
            <param name="sortorder">ascending</param>
            <param name="limit"></param>
            <param name="visible">String.IsEqual(Container(601).ListItem.Property(guid),tab-0)</param>
            <param name="home_switcher">true</param>
        </include>
        <include content="Hub_Wall_Widget">
            <param name="id">502</param>
            <param name="content">plugin://plugin.video.matrix</param>
            <param name="include">List_App_Row</param>
            <param name="target">videos</param>
            <param name="sortby"></param>
            <param name="sortorder">ascending</param>
            <param name="limit"></param>
            <param name="visible">String.IsEqual(Container(601).ListItem.Property(guid),tab-1)</param>
            <param name="home_switcher">true</param>
        </include>
    </include>
</includes>
