<addon id="plugin.video.3rbi" name="3rbi" provider-name="3rbi" version="0.0.35">
    <requires>
        <import addon="script.module.six" />
        <import addon="script.module.kodi-six" />
        <import addon="script.module.resolveurl" version="5.0.00" />
	<import addon="repository.resolveurl" />
        <import addon="script.common.plugin.cache" />
        <import addon="script.module.requests" />
    </requires>
    <extension library="default.py" point="xbmc.python.pluginsource">
        <provides>video</provides>
    </extension>
    <extension point="xbmc.addon.metadata">
        <platform>all</platform>
        <license>GPL 2.0</license>
        <summary lang="en_GB">3rbi</summary>
        <description lang="en_GB">3rbi</description>
        <disclaimer lang="en_GB">The author does not host or distribute any of the content displayed by this addon.</disclaimer>
        <assets>
            <icon>icon.png</icon>
            <fanart>fanart.jpg</fanart>
        </assets>
    </extension>
</addon>
