<?xml version="1.0" encoding="UTF-8"?>
<window>
    <defaultcontrol always="true">61</defaultcontrol>
    <onload>SetFocus(4400)</onload>
    <onload>SetProperty(Nvotes2,$INFO[Window(home).Property(NVotes)],Home)</onload>
    <controls>
        <include>Object_Overlay</include>
        <include content="Dialog_Background">
            <include>Animation_SlideIn_Dialog</include>
            <width>1640</width>
            <include>Dimension_Context</include>
            <include content="Dialog_Header">
                <param name="id" value="1" />
                <label>IMDB Parental Guide</label>
            </include>
    
            <include content="Dialog_Group">
                           
                <control type="list" id="4400">
                    <param name="control" value="textbox" />
                    <left>20</left>
                    <width>800</width>
                    <aligny>top</aligny>
                    <visible>true</visible>
                    <autoscroll>false</autoscroll>
                    <orientation>horizontal</orientation>
                    <!-- <pagecontrol>61</pagecontrol> -->
                    <itemgap>10</itemgap>
                    <onup></onup>
                    <ondown>4500</ondown>
                    <onright>5</onright>
                    <onleft>61</onleft>
                    <onright>61</onright>
                    <!-- <animation effect="slide" end="context_slide_arrow_no" condition="$EXP[Exp_ContextMenu_HasIcon]">Conditional</animation> -->
                    <content>
                        <item>
                            <visible>!String.IsEmpty(Window(home).Property(IMDB-Status))</visible>
                            <label>IMDB</label>
                            <thumb>$INFO[Window(home).Property(IMDB-Icon)]</thumb>
                            <onfocus> </onfocus>
                            <onfocus>SetProperty(SelectedProvider,IMDB,Home)</onfocus>
                            <onclick>SetProperty(SelectedProvider,IMDB,Home)</onclick>
                            <onclick>SetProperty(SelectedContainer,ProviderCont,Home)</onclick>
                            <onclick>SetFocus(4510)</onclick>
                            <onclick>RunScript(special://home/addons/script.parentalguide/script.py)</onclick>
                            <onclick>ClearProperty(SelectedContainer,ProviderCont,Home)</onclick>
                        </item>
                        <item>
                            <visible>!String.IsEmpty(Window(home).Property(KidsInMind-Status))</visible>
                            <label>Kids-In-Mind</label>
                            <thumb>$INFO[Window(home).Property(KidsInMind-Icon)]</thumb>
                            <onfocus>SetProperty(SelectedProvider,KidsInMind,Home)</onfocus>
                            <onclick>SetProperty(SelectedProvider,KidsInMind,Home)</onclick>
                            <onclick>SetProperty(SelectedContainer,ProviderCont,Home)</onclick>
                            <onclick> </onclick>
                            <onclick>RunScript(special://home/addons/script.parentalguide/script.py)</onclick>
                            <onclick>ClearProperty(SelectedContainer,ProviderCont,Home)</onclick>
                        </item>
                        <item>
                            <visible>!String.IsEmpty(Window(home).Property(MovieGuide-Status))</visible>
                            <label>Movie Guide Org</label>
                            <thumb>$INFO[Window(home).Property(MovieGuide-Icon)]</thumb>
                            <onclick>SetProperty(SelectedProvider,MovieGuide,Home)</onclick>
                            <onclick>SetProperty(SelectedContainer,ProviderCont,Home)</onclick>
                            <onclick> </onclick>
                            <onclick>RunScript(special://home/addons/script.parentalguide/script.py)</onclick>
                            <onclick>ClearProperty(SelectedContainer,ProviderCont,Home)</onclick>
                        </item>
                        <item>
                            <visible>!String.IsEmpty(Window(home).Property(DoveFoundation-Status))</visible>
                            <label>Dove Foundation</label>
                            <thumb>$INFO[Window(home).Property(DoveFoundation-Icon)]</thumb>
                            <onclick>SetProperty(SelectedProvider,DoveFoundation,Home)</onclick>
                            <onclick>SetProperty(SelectedContainer,ProviderCont,Home)</onclick>
                            <onclick> </onclick>
                            <onclick>RunScript(special://home/addons/script.parentalguide/script.py)</onclick>
                            <onclick>ClearProperty(SelectedContainer,ProviderCont,Home)</onclick>
                        </item>
                        <item>
                            <visible>!String.IsEmpty(Window(home).Property(CSM-Status))</visible>
                            <label>Common Sense Media</label>
                            <thumb>$INFO[Window(home).Property(CSM-Icon)]</thumb>
                            <onclick>SetProperty(SelectedProvider,CSM,Home)</onclick>
                            <onclick>SetProperty(SelectedContainer,ProviderCont,Home)</onclick>
                            <onclick> </onclick>
                            <onclick>RunScript(special://home/addons/script.parentalguide/script.py)</onclick>
                            <onclick>ClearProperty(SelectedContainer,ProviderCont,Home)</onclick>
                        </item>
                        <item>
                            <visible>!String.IsEmpty(Window(home).Property(RaisingChildren-Status))</visible>
                            <label>Raising Children.au</label>
                            <thumb>$INFO[Window(home).Property(RaisingChildren-Icon)]</thumb>
                            <onclick>SetProperty(SelectedProvider,RaisingChildren,Home)</onclick>
                            <onclick>SetProperty(SelectedContainer,ProviderCont,Home)</onclick>
                            <onclick> </onclick>
                            <onclick>RunScript(special://home/addons/script.parentalguide/script.py)</onclick>
                            <onclick>ClearProperty(SelectedContainer,ProviderCont,Home)</onclick>
                        </item>
                    </content>
                    <itemlayout height="60" width="800">
                        <control type="label" id="4560">
                                <description>Description</description>
                                <left>55</left>
                                <top>80</top>
                                <right>0</right>
                                <height>42</height>
                                <aligny>center</aligny>
                                <align>left</align>
                                <font>font_button</font>
                                <wrapmultiline>false</wrapmultiline>
                                <info>ListItem.Label</info>
                                <font>font_small</font>
                        </control>
                        <control type="image">
                                <left>5</left>
                                <top>80</top>
                                <width>42</width>
                                <height>42</height>
                                <aligny>center</aligny>
                                <align>left</align>
                                <aspectratio>keep</aspectratio>
                                <info>ListItem.Icon</info>
                        </control>
                    </itemlayout>
                    <focusedlayout height="60" width="800">
                        <control type="label">
                                <description>Description</description>
                                <left>55</left>
                                <top>80</top>
                                <right>0</right>
                                <height>42</height>
                                <aligny>center</aligny>
                                <align>left</align>
                                <wrapmultiline>false</wrapmultiline>
                                <info>ListItem.Label</info>
                                <font>font_small_bold</font>
                                <textcolor>white</textcolor>
                        </control>
                        <control type="image">
                                <left>5</left>
                                <top>80</top>
                                <width>42</width>
                                <height>42</height>
                                <aligny>center</aligny>
                                <align>left</align>
                                <aspectratio>keep</aspectratio>
                                <info>ListItem.Icon</info>
                        </control>
                        <control type="button" id="4510">
                                <description>Hidden Btn</description>
                                <left>40</left>
                                <top>80</top>
                                <width>800</width>
                                <height>50</height>
                                <aligny>Center</aligny>
                                <align>left</align>
                                <wrapmultiline>false</wrapmultiline>
                                <info>ListItem.Label</info>
                                <label>$INFO[ListItem.Label]</label>
                                <visible>false</visible>
                                <color name="overlay_hard">12ffffff</color>
                        </control>
                    </focusedlayout>      
                </control>
                                           
                <control type="list" id="4500">
                    <param name="control" value="textbox" />
                    <top>40</top>
                    <left>26</left>
                    <width>800</width>
                    <aligny>top</aligny>
                    <visible>true</visible>
                    <autoscroll>false</autoscroll>
                    <orientation>vertical</orientation>
                    <!-- <pagecontrol>61</pagecontrol> -->
                    <itemgap>50</itemgap>
                    <onup>4400</onup>
                    <onright>5</onright>
                    <onleft>61</onleft>
                    <onright>61</onright>
                    <animation effect="slide" end="context_slide_arrow_no" condition="$EXP[Exp_ContextMenu_HasIcon]">Conditional</animation>
                    <content>
                        <item>
                            <visible>!String.IsEmpty(Window(home).Property(ParentalGuide.1.Section))</visible>
                            <label>[B]$INFO[Window(home).Property(ParentalGuide.1.Section)][/B] - $INFO[Window(home).Property(ParentalGuide.Cat.Name.1)] ($INFO[Window(home).Property(ParentalGuide.MVotes.1)])</label>
                            <thumb>$INFO[Window(home).Property(ParentalGuide.Cat.1)]</thumb>
                            <info>$INFO[Window(home).Property(ParentalGuide.Cat.Name.1)]</info>
                            <onfocus>SetProperty(SelectedCat,1,Home)</onfocus>
                            <onclick>SetProperty(SelectedCat,1,Home)</onclick>
                            <onclick>RunScript(special://home/addons/script.parentalguide/script.py)</onclick>
                        </item>
                        <item>
                            <visible>!String.IsEmpty(Window(home).Property(ParentalGuide.2.Section))</visible>
                            <thumb>$INFO[Window(home).Property(ParentalGuide.Cat.2)]</thumb>
                            <label>[B]$INFO[Window(home).Property(ParentalGuide.2.Section)][/B] - $INFO[Window(home).Property(ParentalGuide.Cat.Name.2)] ($INFO[Window(home).Property(ParentalGuide.MVotes.2)])</label>
                            <onfocus>SetProperty(SelectedCat,2,Home)</onfocus>
                            <onclick>SetProperty(SelectedCat,2,Home)</onclick>
                            <onclick>RunScript(special://home/addons/script.parentalguide/script.py)</onclick>
                        </item>
                        <item>
                            <visible>!String.IsEmpty(Window(home).Property(ParentalGuide.3.Section))</visible>
                            <thumb>$INFO[Window(home).Property(ParentalGuide.Cat.3)]</thumb>
                            <label>[B]$INFO[Window(home).Property(ParentalGuide.3.Section)][/B] - $INFO[Window(home).Property(ParentalGuide.Cat.Name.3)] ($INFO[Window(home).Property(ParentalGuide.MVotes.3)])</label>
                            <onclick>SetProperty(SelectedCat,3,Home)</onclick>
                            <onclick>RunScript(special://home/addons/script.parentalguide/script.py)</onclick>
                        </item>
                        <item>
                            <visible>!String.IsEmpty(Window(home).Property(ParentalGuide.4.Section))</visible>
                            <thumb>$INFO[Window(home).Property(ParentalGuide.Cat.4)]</thumb>
                            <label>[B]$INFO[Window(home).Property(ParentalGuide.4.Section)][/B] - $INFO[Window(home).Property(ParentalGuide.Cat.Name.4)] ($INFO[Window(home).Property(ParentalGuide.MVotes.4)])</label>
                            <onclick>SetProperty(SelectedCat,4,Home)</onclick>
                            <onclick>RunScript(special://home/addons/script.parentalguide/script.py)</onclick>
                        </item>
                        <item>
                            <visible>!String.IsEmpty(Window(home).Property(ParentalGuide.5.Section))</visible>
                            <thumb>$INFO[Window(home).Property(ParentalGuide.Cat.5)]</thumb>
                            <label>[B]$INFO[Window(home).Property(ParentalGuide.5.Section)][/B] - $INFO[Window(home).Property(ParentalGuide.Cat.Name.5)] ($INFO[Window(home).Property(ParentalGuide.MVotes.5)])</label>
                            <onclick>SetProperty(SelectedCat,5,Home)</onclick>
                            <onclick>RunScript(special://home/addons/script.parentalguide/script.py)</onclick>
                        </item>
                        <item>
                            <visible>!String.IsEmpty(Window(home).Property(ParentalGuide.6.Section))</visible>
                            <thumb>$INFO[Window(home).Property(ParentalGuide.Cat.6)]</thumb>
                            <label>[B]$INFO[Window(home).Property(ParentalGuide.6.Section)][/B] - $INFO[Window(home).Property(ParentalGuide.Cat.Name.6)] ($INFO[Window(home).Property(ParentalGuide.MVotes.6)])</label>
                            <onclick>SetProperty(SelectedCat,6,Home)</onclick>
                            <onclick>RunScript(special://home/addons/script.parentalguide/script.py)</onclick>
                        </item>
                        <item>
                            <visible>!String.IsEmpty(Window(home).Property(ParentalGuide.7.Section))</visible>
                            <thumb>$INFO[Window(home).Property(ParentalGuide.Cat.7)]</thumb>
                            <label>[B]$INFO[Window(home).Property(ParentalGuide.7.Section)][/B] - $INFO[Window(home).Property(ParentalGuide.Cat.Name.7)] ($INFO[Window(home).Property(ParentalGuide.MVotes.7)])</label>
                            <onclick>SetProperty(SelectedCat,7,Home)</onclick>
                            <onclick>RunScript(special://home/addons/script.parentalguide/script.py)</onclick>
                        </item>
                        <item>
                            <visible>!String.IsEmpty(Window(home).Property(ParentalGuide.8.Section))</visible>
                            <thumb>$INFO[Window(home).Property(ParentalGuide.Cat.8)]</thumb>
                            <label>[B]$INFO[Window(home).Property(ParentalGuide.8.Section)][/B] - $INFO[Window(home).Property(ParentalGuide.Cat.Name.8)] ($INFO[Window(home).Property(ParentalGuide.MVotes.8)])</label>
                            <onclick>SetProperty(SelectedCat,8,Home)</onclick>
                            <onclick>RunScript(special://home/addons/script.parentalguide/script.py)</onclick>
                        </item>
                    </content>
                    <itemlayout height="60" width="800">
                        <control type="label" id="4560">
                                <description>Description</description>
                                <left>40</left>
                                <top>80</top>
                                <right>0</right>
                                <height>100</height>
                                <aligny>center</aligny>
                                <align>left</align>
                                <font>font_button</font>
                                <wrapmultiline>false</wrapmultiline>
                                <info>ListItem.Label</info>
                                <font>font_small</font>
                        </control>
                        <control type="image">
                                <left>5</left>
                                <top>80</top>
                                <width>15</width>
                                <height>100</height>
                                <aligny>center</aligny>
                                <align>left</align>
                                <aspectratio>keep</aspectratio>
                                <info>ListItem.Icon</info>
                        </control>
                    </itemlayout>
                    <focusedlayout height="60" width="800">
                        <control type="label">
                                <description>Description</description>
                                <left>40</left>
                                <top>80</top>
                                <right>0</right>
                                <height>100</height>
                                <aligny>center</aligny>
                                <align>left</align>
                                <wrapmultiline>false</wrapmultiline>
                                <info>ListItem.Label</info>
                                <font>font_small_bold</font>
                                <textcolor>white</textcolor>
                        </control>
                        <control type="image">
                                <left>5</left>
                                <top>80</top>
                                <width>15</width>
                                <height>100</height>
                                <aligny>center</aligny>
                                <align>left</align>
                                <aspectratio>keep</aspectratio>
                                <info>ListItem.Icon</info>
                        </control>
                        <control type="button" id="4510">
                                <description>Hidden Btn</description>
                                <left>40</left>
                                <top>80</top>
                                <width>800</width>
                                <height>50</height>
                                <aligny>Center</aligny>
                                <align>left</align>
                                <wrapmultiline>false</wrapmultiline>
                                <info>ListItem.Label</info>
                                <label>$INFO[ListItem.Label]</label>
                                <visible>false</visible>
                                <color name="overlay_hard">12ffffff</color>
                        </control>
                    </focusedlayout>      
                </control>
                
              
                <control type="textbox" id="5">
                    <top>5</top>
                    <right>10</right>
                    <width>800</width>
                    <font>font_midi_plot</font>
                    <pagecontrol>61</pagecontrol>
                    <onleft>4500</onleft>
                    <onright>61</onright>
                    <label>[CR]$INFO[Window(home).Property(ParentalGuide.Desc.Summary)]</label>
                    <!-- <onfocus>SetFocus(61)</onfocus> -->
                    <!-- <onup>61</onup> -->
                    <align>left</align>
                    <align>topleft</align>
                    <aligny>top</aligny>
                    <visible>true</visible>
                </control> 
                
<!--             <include content="Dialog_Group" id="55">
                    <visible>true</visible>
                    <onleft>4500</onleft>
                    <onright>4500</onright>
                    <control type="textbox" id="5">
                        <right>10</right>
                        <width>800</width>
                        <font>font_small_bold</font>
                        <pagecontrol>61</pagecontrol>
                        <onleft>4500</onleft>
                        <onright>4500</onright>
                        <label>[CR]$INFO[Window(home).Property(ParentalGuide.Desc.Summary)]</label>
                        <onfocus>SetFocus(61)</onfocus>
                        
                        <align>left</align>
                        <align>topleft</align>
                        <aligny>top</aligny>
                        <visible>true</visible>
                    </control>         
            </include> -->
            <include content="Dialog_Scrollbar" id="61">
                <right>10</right>
                <onleft>4500</onleft>
                <onright>4500</onright>
                <visible>true</visible>
            </include>
            </include>
        </include>
    </controls>
</window>
