<?xml version="1.0" encoding="UTF-8"?>
<window type="window" id="1120">
    <defaultcontrol>6000</defaultcontrol>
    <onload>SetFocus(300,0,absolute)</onload>
    <onload condition="Window.Previous(1114) | Window.Previous(1121)">SetFocus(399)</onload>
    <onload condition="![Window.Previous(1114) | Window.Previous(1121)]">SetFocus(6000)</onload>
    <controls>
        <include>Defs_TMDbHelper_Loader</include>
        <include>Background_ExtraFanart</include>
        <include>Background_Main</include>

        <include content="Hub_Grouplist">

            <param name="l_window_id">1114</param>
            <param name="r_window_id">1121</param>

            <param name="submenu_label">TMDbHelper</param>
            <param name="submenu_content">plugin://plugin.video.themoviedb.helper/?info=dir_movie</param>

            <include content="Hub_Widget_SideStack">
                <param name="id">500</param>
                <param name="label">[B]$INFO[Window(home).Property(ParentalGuide.1.Section)][/B] - $INFO[Window(home).Property(ParentalGuide.Cat.Name.1)] ($INFO[Window(home).Property(ParentalGuide.MVotes.1)])</param>
                <param name="target">videos</param>
            </include>
            <include content="Hub_Widget_SideStack">
                <param name="id">510</param>
                <param name="label">[B]$INFO[Window(home).Property(ParentalGuide.1.Section)][/B] - $INFO[Window(home).Property(ParentalGuide.Cat.Name.1)] ($INFO[Window(home).Property(ParentalGuide.MVotes.1)])</param>
                <param name="target">text</param>
            </include>
            <include content="Hub_Widget_SideStack">
                <param name="id">520</param>
                <param name="label">[B]$INFO[Window(home).Property(ParentalGuide.1.Section)][/B] - $INFO[Window(home).Property(ParentalGuide.Cat.Name.1)] ($INFO[Window(home).Property(ParentalGuide.MVotes.1)])</param>
                <param name="target">string</param>
            </include>
            <include content="Hub_Widget_SideStack">
                <param name="id">530</param>
                <param name="label">[B]$INFO[Window(home).Property(ParentalGuide.1.Section)][/B] - $INFO[Window(home).Property(ParentalGuide.Cat.Name.1)] ($INFO[Window(home).Property(ParentalGuide.MVotes.1)])</param>
                <param name="target">label</param>
            </include>
            <include content="Hub_Widget_SideStack">
                <param name="id">540</param>
                <param name="label">[B]$INFO[Window(home).Property(ParentalGuide.1.Section)][/B] - $INFO[Window(home).Property(ParentalGuide.Cat.Name.1)] ($INFO[Window(home).Property(ParentalGuide.MVotes.1)])</param>
                <param name="target">string</param>
            </include>
            <include content="Hub_Widget_SideStack">
                <param name="id">550</param>
                <param name="label">[B]$INFO[Window(home).Property(ParentalGuide.1.Section)][/B] - $INFO[Window(home).Property(ParentalGuide.Cat.Name.1)] ($INFO[Window(home).Property(ParentalGuide.MVotes.1)])</param>
                <param name="target">string</param>
            </include>
        </include>

        <include content="Widget_SideStack_NodeList">
            <param name="id">5000</param>
            <param name="nodeid">5002</param>
            <content>[CR]$INFO[Window(home).Property(ParentalGuide.Desc.Summary)]</content>
        </include>
        <include content="Widget_SideStack_NodeList">
            <param name="id">5100</param>
            <param name="nodeid">5102</param>
            <content sortby="random" target="text">[CR]$INFO[Window(home).Property(ParentalGuide.Desc.Summary)]</content>
        </include>
        <include content="Widget_SideStack_NodeList">
            <param name="id">5200</param>
            <param name="nodeid">5202</param>
            <content>[CR]$INFO[Window(home).Property(ParentalGuide.Desc.Summary)]</content>
        </include>
        <include content="Widget_SideStack_NodeList">
            <param name="id">5300</param>
            <param name="nodeid">5302</param>
            <content target="label" sortby="random">[CR]$INFO[Window(home).Property(ParentalGuide.Desc.Summary)]</content>
        </include>
        <include content="Widget_SideStack_NodeList">
            <param name="id">5400</param>
            <param name="nodeid">5402</param>
            <content>[CR]$INFO[Window(home).Property(ParentalGuide.Desc.Summary)]</content>
        </include>
        <include content="Widget_SideStack_NodeList">
            <param name="id">5500</param>
            <param name="nodeid">5502</param>
            <content target="videos" sortby="string">[CR]$INFO[Window(home).Property(ParentalGuide.Desc.Summary)]</content>
        </include>

        <include>Hub_Furniture</include>

        <include content="Hub_Menu" condition="!Skin.HasSetting(Hubs.DisableQuickSwitch)">
            <include content="Object_Hidden_Button">
                <param name="id" value="399" />
                <onright>Control.Move(300,1)</onright>
                <onright>ReplaceWindow(1121)</onright>
                <onleft>ActivateWindow(1114)</onleft>
                <ondown>6000</ondown>
                <onup>Close</onup>
                <onclick></onclick>
            </include>
        </include>

        <include content="Object_Hidden_Button" condition="Skin.HasSetting(Hubs.DisableQuickSwitch)">
            <param name="id" value="399" />
            <onfocus>SetFocus(4900)</onfocus>
        </include>

        <control type="group">
            <visible>!$EXP[Exp_InfoDialogs]</visible>
            <include content="Furniture_Top_Left" condition="Skin.HasSetting(Hubs.DisableQuickSwitch)">
                <param name="label">$LOCALIZE[342]</param>
            </include>
        </control>
    </controls>
</window>